comment_id,user_id,username,text,created_at,likes
18071031373705024,20037234092,kiarashartwork1,Ø¨ÙØ±Ø³Øª,2025-02-04 05:03:15,0
18023527952638945,39289532435,abolfazl.jvhr,Ú©Ø§Ù…Ù†Øª,2025-02-04 03:55:15,0
18071877043778874,68330458973,ly4027hmdy,ğŸ˜,2025-02-03 19:01:38,0
18059838805798992,68330458973,ly4027hmdy,ğŸ˜,2025-02-03 18:55:43,0
18391726786096732,68330458973,ly4027hmdy,ğŸ˜,2025-02-03 18:55:32,0
18079845184618039,45740346482,t.masood.99,ğŸ˜,2025-02-02 15:02:53,0
18020677712419815,9166647977,saman.rmzany,Ø¨ÙØ±Ø³Øª,2025-02-02 05:53:30,0
18073907995735095,70538520338,arash.vocalist,Ø¨Ø§Ø±Ú©Ù„Ø§,2025-02-01 21:25:52,0
17886217338197789,66392852041,giga_chat98,Ø¨ÙØ±Ø³Øª,2025-02-01 09:59:35,0
18054128761889635,49814885240,fk.00000000,Ø¨ÙØ±Ø³Øª,2025-02-01 09:34:50,0
17965197155838137,69581933336,i_24748,Ø³ÛŒÙ†Ù…Ø§,2025-01-31 11:59:19,0
18061687627900195,1257735048,psycho_official._,â¤ï¸ğŸ”¥,2025-01-31 11:44:26,0
18061933618916514,59133038681,mohadeese._sl,Ø¹Ø§Ù„ÛŒÙ‡,2025-01-31 07:56:38,0
18031107188270292,23186271106,milad1_78,Ú©Ø§Ù…Ù†Øª,2025-01-29 21:13:45,0
18055085978097558,50881509290,ali.velayat313,ğŸ‘,2025-01-29 15:15:20,0
18054553094479802,59812243038,somebody.u.dnk,Ø¨Ù‡ Ø¨Ù‡,2025-01-28 13:26:33,0
18283577662216894,64493542110,moxtabai,yo,2025-01-27 23:04:29,0
18070376134740401,66254963202,mohishakeri_,Ø³Ù„Ø§Ù…,2025-01-26 10:08:18,0
18051171740139384,57170821586,masih_sojoodi,ğŸ”¥,2025-01-25 23:50:59,0
17933112665989285,32528863898,sinaart__,Plugin,2025-01-25 19:02:26,0
17998500866584538,58489883641,h.hoseinkarimi,Ø³Ù„Ø§Ù…,2025-01-25 16:25:09,0
18053170811079076,60175424970,sahar.makvandinia,ğŸ”¥,2025-01-24 01:03:38,0
18133209985382858,55209373169,ali_taghian55,Ø¨ÙØ±Ø³Øª,2025-01-23 22:31:41,0
18037810532136565,57166011143,hsm.artwork,Ø§,2025-01-23 22:16:53,0
18106055902464682,61894170904,khashiturkish,Alo,2025-01-22 22:50:28,0
18314559292202697,62038874823,itsmoghaddam,ğŸ‘ğŸ‘ğŸ‘,2025-01-22 20:35:53,0
17980443041653102,1974246642,abol.azd,Ø®Ø¨,2025-01-22 10:45:13,0
18117230086425924,48311623413,amirh.loriyan,Ø§Ù‡Ù…,2025-01-22 08:31:53,0
18049059257169431,67968012484,y3w.z,ğŸ”¥,2025-01-22 08:29:12,0
18037702496381377,1607764735,hossain_mn,ğŸ”¥,2025-01-21 17:27:02,0
17920818723033478,22126208163,zahraafatemii_nassb,Ø¨Ù„Ù‡Ù‡,2025-01-20 21:19:45,0
17997826964725701,3108486632,meysamgorji.ir,ğŸ‘,2025-01-19 20:40:09,0
17981872565648400,3556823301,arsalan.gk,Ù…ÛŒÙˆ,2025-01-18 21:05:00,0
18047989085326829,52608357132,rza_rahimi850,ğŸ”¥,2025-01-18 19:32:11,0
17953402553910107,48919517871,memoel_picture,Ù„Ø§ÛŒÚ©,2025-01-18 06:34:50,0
18080373100609530,49225321454,potter._x1,Ø¨Ù‡ Ø¨Ù‡,2025-01-18 01:40:13,0
18044613272265213,49225321454,potter._x1,ğŸ”¥,2025-01-18 01:39:40,0
18072389359660564,2374301988,hamidreza_rahimi00,Salam,2025-01-17 19:59:25,0
18022806992370099,64172557516,mh.zarezade1999,ğŸ”¥,2025-01-17 14:13:19,0
18038195168123367,2214988907,alireza_shabanpour_oumaly,Ú©Ø§Ù…Ù†Øª,2025-01-17 13:50:24,0
18087887056556257,2273305850,hukret_patmin,ğŸ”¥ğŸ”¥ğŸ”¥,2025-01-17 12:37:34,0
17893805886140002,20414315865,mohammad.hosein.valiloo,.,2025-01-17 09:35:11,0
18104138992465878,4090475156,kr._mohammad,â¤ï¸,2025-01-17 07:15:51,0
18046504754332557,67101962485,mr_ghorbani.official,Ù‡Ø±Ú†ÛŒ,2025-01-16 23:07:41,0
17897993865121287,9165006847,barbod_boroujerdian,â¤ï¸,2025-01-16 21:50:11,0
18092819596519220,45069568531,pouya__yt,ğŸ”¥ğŸ”¥ğŸ”¥,2025-01-16 20:26:19,0
18065618968871535,60570035488,shin3ei,Ø¨Ù‡ Ø¨Ù‡,2025-01-16 20:21:05,0
18481140805017832,10196871688,forooghi781,ğŸ”¥ğŸ”¥,2025-01-16 17:45:31,0
18028620671292097,2138700193,_samadalizadeh_,Ù‡Ø±Ú†ÛŒØ²ÛŒ,2025-01-16 13:43:11,0
18074414074724437,2138700193,_samadalizadeh_,Ø¨ÙØ±Ø³Øª,2025-01-16 13:43:06,0
18052582478492374,3869666240,shahram.marfavi,ğŸ”¥,2025-01-16 13:32:53,0
18087132142495246,53562312370,amo_sobi,.,2025-01-16 05:55:12,0
17866717833225370,33970317300,fattah.alizade61,ğŸ”¥,2025-01-16 05:13:59,0
18083622193571807,1736153993,fuadbolouri,Ø¯Ø³Øªâ€ŒØ®ÙˆØ´,2025-01-16 00:54:11,0
18034236266402415,50521647667,somewhereinsky_,ğŸ™Œ,2025-01-16 00:11:35,0
18066744496831441,66615593152,ali.sh.lar,â¤ï¸,2025-01-15 20:29:44,0
18066187348839709,5704185550,maede_vwr,ğŸ˜ğŸ˜,2025-01-15 18:14:21,0
18083733928518170,19561085544,soheil.bz.299,ğŸ¤ŒğŸ¤,2025-01-15 16:28:09,0
18049202255143187,17695122630,taheri_a_h,ğŸŒ¿,2025-01-15 16:19:38,0
18382937041109683,71065177640,nimaramezani.art,â¤ï¸,2025-01-15 06:58:35,0
18033691805422304,56844205786,sg_wbc,ğŸ”¥,2025-01-14 23:30:55,0
18088567831550381,2626546178,mehtialipour7,ğŸ”¥,2025-01-14 23:30:44,0
17897154246130094,57510753171,hesam.edittor,ğŸ”¥ğŸ˜,2025-01-14 08:44:22,0
18047774651128808,50379457489,mehrzad.tadvin,Ø³ÙˆÙ„Ø§Ù…ğŸ™Œ,2025-01-14 06:06:25,0
18048974600280073,53697300914,mohseni200418,Ø¨ÙØ±Ø³Øª,2025-01-13 09:14:55,0
18175673863312171,3067305902,meysam.qorbani,Ú©Ù¾Ú©Ø§Øª Ø¨Ø±Ù‡ Ø¯Ø³ Ø®Ø¯Ø§,2025-01-13 07:51:10,0
18066741322802173,1991393270,doni_photo_studio,ğŸ‘,2025-01-13 02:22:22,0
17912875887059302,4607163350,saman.niknezhad,@_mohammad_nezhadi_ ØªÙˆÛŒ Ú©Ø§Ù†Ø§Ù„ ØªÙ„Ú¯Ø±Ø§Ù…Ù… Ú¯Ø°Ø§Ø´ØªÙ… ØŒ Ø³Ø±Ú† Ú©Ù†ÛŒØ¯ samanniknezhad,2025-01-12 10:35:03,0
17967404762835443,58582205934,persian_65s,ğŸ‘,2025-01-12 09:03:11,0
17973321695681007,70926773932,_mohammad_nezhadi_,ÙØ§Ù„ÙˆØªÙˆÙ† Ø¯Ø§Ø±Ù… Ø§Ù…Ø§ Ø¨Ø±Ø§Ù…â€ŒÙ†Ù…ÛŒØ§Ø§Ø§Ø§Ø§Ø¯Ø¯Ø¯Ø¯,2025-01-12 08:50:11,0
17872072053183215,11552258276,at.ena4082,ğŸ˜,2025-01-11 17:19:14,0
18084511924568466,56560692228,arta.067,Ø®ÙˆØ¨Ù‡,2025-01-10 19:04:49,0
18151394395348491,6870874499,sepehr.kashfii,ğŸ˜Ø¨Ù‡,2025-01-09 21:59:47,0
18029226389535509,16323445350,alika.it,Ú©Ø§Ù…Ù†Øª,2025-01-09 18:58:06,0
17940646271945824,66463037832,amajshutter1,ğŸ˜ğŸ‘,2025-01-08 09:58:05,0
17848698831350525,47807634423,amitzza,Skr,2025-01-08 08:02:42,0
18029279462619436,3273102550,iranishad.ir,Ø¨ÙØ±Ø³,2025-01-08 06:37:44,0
17995898936726754,35880978118,mr.4miram,Udususus,2025-01-07 23:41:03,0
17885962947094442,44105150498,ewmir_8413,Ø§ÙØ±ÛŒÙ†â¤ï¸,2025-01-07 19:35:27,0
18033726059419256,532744074,alireza.naghmehkhan,ğŸ˜,2025-01-07 15:55:00,0
17871736878182677,6550301692,golnaz.h_,ğŸ‘,2025-01-07 10:31:48,0
18017079497441898,61372110826,hadis_daryadel,â¤ï¸,2025-01-07 07:00:34,0
18052890517854044,13824637950,nasour__317,ğŸ”¥ğŸ”¥,2025-01-07 05:56:32,0
18017066813449178,55007542030,alireza_enayati7,â¤ï¸,2025-01-07 04:25:15,0
18056583991963843,44497406933,rezagohariy,ğŸ¤£ğŸ¤£,2025-01-06 22:28:48,0
18020556047380900,9692207375,mobin_ak12,ğŸ”¥,2025-01-06 21:26:32,0
18093433732510688,8263750003,sunzo_sphr,Ù‡Ø±Ú†ÛŒØ²ÛŒ,2025-01-06 19:01:00,0
18042185765253013,63933833788,persiansport.78,Ù‡Ø±Ú†ÛŒ,2025-01-06 15:50:20,0
18071246764680037,49247743011,theycallmeeski,Ø³Ù„Ø§Ù…,2025-01-06 07:46:30,0
18032235335400563,65116903390,itis_azer,Ø¹Ø¹,2025-01-06 03:24:09,0
18068653069741806,1632628600,amirnematollaahi,Ø¨ÙØ±Ø³Øª,2025-01-05 22:53:24,0
18381062809111516,53741497386,abolfazldn8,ğŸ˜Ø§,2025-01-05 21:31:55,0
18059438953925349,7326999508,z_abolfazl_org,Ø¹Ø¬Ø¨,2025-01-04 23:16:34,0
18013215602661759,68420611240,salar6551014,ğŸ”¥ğŸ”¥,2025-01-04 20:43:27,0
18256775425272791,68420611240,salar6551014,Ù…Ø§Ú†,2025-01-04 20:43:00,0
18478341751045198,636634126,jinousg,â¤ï¸â¤ï¸,2025-01-04 08:49:07,0
17871168741257783,46273062478,the.mmdph,Ù„ÛŒÙ†Ú©,2025-01-03 16:25:16,0
18012607721489351,54319307474,magicalt_academy,ğŸ˜‚,2025-01-02 18:49:40,0
18014857601466158,62167535533,m._.mohammadreza,ğŸ‘,2025-01-02 11:54:20,0
18041982542052332,1753109083,mohamadnaserkashani,ğŸ˜ğŸ˜ğŸ˜,2025-01-01 15:31:52,0
17916605484042800,28712075680,behirezz,ğŸ”¥ğŸ”¥,2025-01-01 10:52:06,0
18034112981158865,68291078916,parspeste,ğŸ‘ğŸ‘,2024-12-31 03:57:49,0
18159206626336192,53951614599,saeed_mollazadeh_artworks,ğŸ”¥ğŸ”¥,2024-12-31 00:51:49,0
17963774261719518,53951614599,saeed_mollazadeh_artworks,â¤ï¸,2024-12-31 00:51:37,0
17912161476004519,2127447464,mariameyeganeh,ğŸ‘ğŸ‘ğŸ‘,2024-12-30 15:34:58,0
17992377713754507,48283082599,anime_devil_kill,Ø®ÛŒØ§Ø±,2024-12-30 11:04:14,0
18253351399277107,54554191809,ho3einetoon,..,2024-12-29 18:18:04,0
18341542870148060,2298319467,chefsasan,ğŸ˜ğŸ˜,2024-12-29 17:19:54,0
18050766956104375,51963577239,sajjadccplus,Ù‡Ø±Ú†ÛŒ,2024-12-29 05:27:18,0
18021502025636759,1306170928,maman.zoha,ğŸ˜,2024-12-29 03:26:58,0
17916811203035008,48501496787,omidpvnik,Ù„ÛŒÙ†Ú©,2024-12-28 19:50:41,0
18032970761423542,60579111724,ciyayn,Ø¹ÙˆØ¹ÛŒØ¹ÛŒØ§,2024-12-28 17:50:02,0
17950696385775608,17407475737,h.soltani_83,ğŸ˜,2024-12-28 17:45:06,0
18054386026825989,1192530397,sadegh.shaygan,Ø¹Ø¬Ø¨!,2024-12-28 15:37:09,0
18055410961812805,71141018519,sina.sgk,ğŸ™Œ,2024-12-28 15:09:54,0
18051007199026497,46254643846,mahsa_rahi00,ğŸ˜,2024-12-28 07:37:39,0
18037297859347372,55457218013,artax.89,ğŸ¤,2024-12-27 19:01:09,0
18052487083859609,5748569753,sadeghmojarad1,Ø§Ø­Ø³Ù†Øª,2024-12-27 14:05:18,0
17937727892949659,23895785502,mana_a1994,Ø¹Ø§Ù„ÛŒ Ø¨ÙˆØ¯,2024-12-27 11:31:58,0
18069900790709301,44455591994,pro_design.af,Ú©Ø§Ù…Ù†ØªğŸ˜‚,2024-12-27 10:48:12,0
17873149458163310,408744867,_vaark,Cinema,2024-12-27 07:12:55,0
18475050376041775,39682713038,omid.azadandish,Ú©Ø§Ù…Ù†Øª,2024-12-27 05:44:45,0
18035561921119087,6010100517,erfan_ap5,ğŸ”¥,2024-12-26 23:57:11,0
18016325090440357,58243596118,amoo_editorr,Ø¨ÙØ±Ø³Øª,2024-12-26 23:05:59,0
18033017366455948,50424080374,ehsan_velayatii,ğŸ”¥,2024-12-26 14:10:38,0
18051182525043248,61215552965,06shaya,ğŸ˜®,2024-12-26 09:47:45,0
18070866532661570,56545999417,mm.ghasempour,Ø³,2024-12-26 00:47:37,0
18126065095398214,50820273464,_2morteza2_,Ø¨Ø¨Ø¨Ø¨ÙÙÙØ±Ø³Ø³,2024-12-25 19:29:00,0
18052200934851908,58400327641,mo.m.afshar,K,2024-12-25 12:47:48,0
17932884656851768,70971518244,sol0.edit,â¤ï¸ğŸ”¥,2024-12-25 11:04:23,0
17853810696350719,11787610532,mahdiemamiphoto,ğŸ”¥,2024-12-25 10:58:03,0
17882011677195130,6389038987,dannethimself,Ø³Ù„Ø§Ù…,2024-12-25 10:41:03,0
18073776235717082,27750296849,amirrdavar,â¤ï¸,2024-12-24 22:20:45,0
17892204876081673,1445394809,javadklaus,Hi,2024-12-24 12:52:47,0
18042262787193935,51152300634,cod_nottry,Plugin,2024-12-24 00:43:45,0
18050814686008625,1666475316,rastgogharib,ğŸ”¥ğŸ”¥,2024-12-23 22:18:13,0
18115105612426168,49384644633,ye._.chizi,ğŸ‘,2024-12-23 21:10:17,0
18281411293300273,47418325405,mamrezhastam,.,2024-12-23 19:51:19,0
18471814162009790,70667670609,alphaaedit,ğŸ‘ğŸ‘,2024-12-23 16:10:44,0
18150034219348009,69755754900,teragedy_88z,Ø¨ÙØ±Ø³Øª,2024-12-23 15:03:05,0
17895658521100506,58624429637,southeastbeatsss,ğŸ”¥ğŸ”¥,2024-12-23 12:10:50,0
18026907683285883,70274480225,edit_graphic2000,ÙÙ‚Ø· Ù¾Ø±ÛŒÙ…ÛŒØ±ğŸ’ªğŸ»,2024-12-23 00:07:30,0
18054287770983322,66888835788,soheilroustaie,Ú©Ø§Ù…Ù†Øª,2024-12-22 20:34:41,0
18261320110257351,6977576617,yasinhsh,.,2024-12-22 18:24:04,0
18314421991167304,66540017479,negin.mlv.m,ğŸ˜,2024-12-22 17:57:52,0
17892128028111084,419267122,majidrayan,Ø§,2024-12-21 14:31:38,0
18074922685624490,11599730385,masii.b_,ğŸ”¥ğŸ”¥ğŸ”¥,2024-12-21 08:53:47,0
18013797449479362,28367692564,studio_karino_,Ø¨ÙØ±Ø³Øª,2024-12-21 04:48:19,0
18279384871216642,582538954,javidshojaeii,ğŸ”¥,2024-12-20 17:24:48,0
18013600751468066,52498744587,artteen_ir,ğŸ”¥,2024-12-18 12:24:16,0
17870985402250769,70443081724,amired110,ğŸ”¥ğŸ”¥,2024-12-18 11:42:50,0
18043085312335572,5928028121,nonstopenglish.ir,ğŸ”¥,2024-12-16 15:44:38,0
18032602532600760,4476817159,marziyeh.raziei,ğŸ‘ğŸ‘ğŸ‘,2024-12-16 14:56:16,0
18041068781257780,70453405503,galleryarefii,Ø³Ù„Ø§Ù…,2024-12-16 11:08:25,0
18173351860311645,44441395433,meloplusstudio,â¤ï¸â¤ï¸,2024-12-15 18:49:35,0
18034260155130390,3910159884,ehsann.mehrii,ğŸ˜ğŸ˜,2024-12-15 16:11:57,0
18031678853421717,47329145644,dayar.asadi,ğŸ”¥ğŸ”¥ğŸ”¥ğŸ”¥ğŸ”¥ğŸ”¥,2024-12-15 12:14:30,0
18060868669894165,70128232495,navid.aminiii,Ù„Ø·ÙØ§ Ù„Ø·ÙØ§ ğŸ˜¢,2024-12-15 05:08:20,0
18251277508263121,32816752707,mn3mehran,ğŸ”¥,2024-12-15 04:06:34,0
17949882062897939,58588878371,balsachoob.rasht,ğŸ”¥,2024-12-14 22:08:20,0
18125216605402623,3128684603,hossein_videoeditor,ğŸ˜,2024-12-13 19:47:33,0
18016263026406088,57512897926,s.s.a.r.i.n.a,ğŸ˜‚ğŸ˜‚,2024-12-13 14:56:40,0
17999955608532548,1957291157,shahin.talebdoost,ğŸ‘,2024-12-13 11:28:21,0
18284368534175636,46913325020,mh_edit12,ğŸ”¥ğŸ‘,2024-12-13 10:56:09,0
18063220078838549,1117340211,hamidrezazaza,ğŸ‘ğŸ‘,2024-12-13 08:12:04,0
18147713620346531,65040492379,m.amiiin.dp,ğŸ˜,2024-12-13 07:29:04,0
17988334901609179,69083571940,bee.arti,Ø³Ø§Ù…ÛŒ Ø¬ÙˆÙ†ğŸ˜,2024-12-12 13:36:51,0
18042176846224412,2137016654,hadilotfi_,ğŸ”¥,2024-12-12 10:44:20,0
18045784565325759,57462012169,fatemmeh.abdi,Ø¨Ù‡ Ø¨Ù‡,2024-12-12 07:48:36,0
18071307619581400,50698032217,azad.tezo,Ø¬Ø§Ù†Ù‡ Ù…Ø§,2024-12-12 06:57:46,0
17934273260841479,52720334530,mohammad__yaghooti,Ø¹Ø§Ù„ÛŒ Ø¨ÙˆØ¯,2024-12-12 06:36:05,1
18066691621625871,50858709697,aydingolmohammadi,Ú©Ø§Ù…Ù†Øª,2024-12-12 05:58:56,0
18014490173440046,49327425540,cnc_work_laki,Ø¨ÙØ±Ø³Øª,2024-12-12 05:56:16,0
18045883141935594,61709369969,arbakhtiari,â¤ï¸,2024-12-12 05:30:01,0
18076362619611743,70189993681,hana.graph_,ğŸ˜,2024-12-10 15:24:52,0
18045076223515063,68203233742,rezam_f2.8,ğŸ”¥ğŸ”¥ğŸ”¥,2024-12-10 14:43:12,0
18055117582941685,2209477470,h2m.photography,Nice,2024-12-10 05:39:46,0
18050327456079987,1943859494,alirezanayab,ğŸ‘ŒğŸ»ğŸ«€,2024-12-09 22:12:37,1
17891349681135701,69999791160,avantstudio1,ğŸ˜ğŸ˜,2024-12-09 19:57:48,0
18207613675295495,38481735194,fatmeh.khalilii,@saman.niknezhad Ù…Ù…Ù†ÙˆÙ†,2024-12-09 19:50:22,0
18070372837647878,4607163350,saman.niknezhad,@fatmeh.khalilii Ø§Ø² Ú©Ø§Ù†Ø§Ù„ ØªÙ„Ú¯Ø±Ø§Ù…Ù… Ù…ÛŒØªÙˆÙ†ÛŒØ¯ Ø§ÛŒÙ† Ù¾Ù„Ø§Ú¯ÛŒÙ† Ø±Ùˆ Ø¯Ø§Ù†Ù„ÙˆØ¯ Ú©Ù†ÛŒØ¯,2024-12-09 19:34:16,0
18140243878368227,65907346592,ideastudio.ir,ğŸ‘ğŸ‘ğŸ‘,2024-12-09 18:33:18,1
17963510996821909,69036305403,hafam999hz,Ø¨ÙØ±Ø³Øª,2024-12-09 00:21:17,0
18058957132857420,65063423069,soma.amlak,ğŸ¤¦ğŸ»â€â™‚ï¸,2024-12-08 14:22:55,0
17934199808952453,5512101780,makyaqubi,ğŸ‘,2024-12-08 11:34:52,0
18113188822427034,49279687989,tohid.zrgr,Dehancer ğŸ˜,2024-12-07 13:48:30,0
18351765397122626,1466798633,babbi__rz,ğŸ”¥ğŸ”¥,2024-12-07 10:52:47,0
18066310054701501,2866859480,_atena_71,â¤â¤â¤â¤,2024-12-07 08:22:50,0
17947648391777561,5525099612,mohammadsafaii_video,ğŸ”¥â¤ï¸,2024-12-07 07:06:55,0
17909348309960366,61795390012,mohtavainsta974,Ø³Ù„Ø§Ù…,2024-12-06 19:52:33,0
17878139946198406,1935774717,ameneh.raesi,ğŸ‘,2024-12-05 22:01:40,0
17956778891739364,26228919736,amirhossei754,Ù…Ø±Ø³ÛŒ,2024-12-02 18:38:50,0
18037192967354690,70110891934,daniecto,Ø¨Ø¯Ù‡ Ø´ÛŒØ´,2024-12-01 15:03:15,0
17941276925930588,1955784846,dide.show_,Ú†ÛŒÚ†Ú©,2024-12-01 12:01:44,0
18044720825124073,2204415169,sinakhoddamii,âœ…,2024-11-30 20:39:03,0
17854887321335004,7686641131,sahar.motion,ğŸ‘ğŸ‘ğŸ‘ğŸ‘,2024-11-30 19:15:50,0
17985175088766687,8450211170,sobhan_mjd22,Ù…ÛŒØ®ÙˆØ§ÛŒÙ…ØªØ´,2024-11-30 18:25:28,0
17904477672070479,26418781688,abbas_mosavi_official,Dehancer,2024-11-30 12:40:08,0
18015294503404427,69667446009,editbaran,ğŸ‘ğŸ‘ğŸ”¥,2024-11-30 12:05:29,0
18344084344179725,70805899537,daniial.design,ğŸ”¥,2024-11-30 11:04:02,0
18044552692938885,5650552971,erfanfathiam,ğŸ”¥,2024-11-29 19:25:30,0
18321571093085573,45377589576,imataaaaaam,ğŸ”¥ğŸ”¥ğŸ”¥,2024-11-29 12:43:25,1
18100161820465305,858666992,ali.faisal.kabiri,Send me bro,2024-11-28 21:09:05,0
18054788914751457,69520362513,v2ray_classic,...,2024-11-28 13:25:46,0
17865072627267193,48291005997,mahdi.kiyaniha,ğŸ‘,2024-11-28 10:44:59,0
17949448517768963,4607163350,saman.niknezhad,@alirezaghorbanpour_ Ø§Ù„Ú©ÛŒğŸ˜†,2024-11-26 16:04:44,1
18471542167027422,52969509118,jshsg9033,Ùˆ,2024-11-26 15:48:29,0
18077908060598158,4964424312,photography.arak,ğŸ”¥,2024-11-26 15:04:37,0
17966580800815946,2954713381,_jessie_org,ğŸ”¥,2024-11-26 09:09:33,0
18032864888584714,42961809535,amirphonixx,ğŸ”¥ğŸ”¥,2024-11-26 08:40:16,0
18051027979990315,49851370223,delta.bs.art,Ø¨Ø§Ù‚Ø§Ù„ÛŒ Ù¾Ù„Ùˆ,2024-11-25 12:00:54,0
18138963160365864,70881048608,hojatgraf,ğŸ”¥ğŸ”¥,2024-11-25 09:23:27,0
18262111477301685,70037769263,m13.78gh,Ø¨ÙØ±Ø³Øª,2024-11-24 21:26:43,0
18110122027438154,47112112897,shineartorg,.,2024-11-23 18:21:06,0
18047247911500121,70801786512,_ali_zero,Ø§Ù‡Ø§Ø§ Ø§ÙˆÚ©ÛŒ,2024-11-23 10:14:33,0
18014552783421089,349780575,s_kahkeshani,ğŸ‘,2024-11-22 07:17:40,0
18073597072554294,69981974906,jabersadeghi32,Ø¨ÙØ±Ø³Øª,2024-11-21 05:26:29,0
18026237279409262,63572040843,ada_sound666,ÙˆØ§Ùˆ,2024-11-20 18:32:31,1
18334681489197146,48634673204,anahita_nikouei,ğŸ‘â¤ï¸,2024-11-20 13:25:22,1
18053362774936610,1735123394,xarmanwishx,ğŸ‘ğŸ”¥,2024-11-19 15:10:57,0
17969537198797615,1208361352,nimatoolabi,Ù‡Ø±Ú†ÛŒ,2024-11-18 22:18:31,0
18144806563349274,51650499815,taharashvand313,Ø¨ÙØ±Ø³Øª Ú¯Ù„,2024-11-16 07:03:11,0
18038950373239358,4019985753,erfan_shaye79,Ø¨ÙØ±Ø±Ø±Ø±Ø³Øª,2024-11-14 19:51:21,0
17846271591329538,33164418569,___yazdansmo___,â¤ï¸â¤ï¸,2024-11-14 07:29:35,0
17959324085715920,31473167034,xparaxtx,Ø§ÛŒÙˆÙ„,2024-11-14 04:43:59,0
17926985399974026,31473167034,xparaxtx,Ø§ÛŒÙˆÙ„,2024-11-14 04:43:47,0
17888434179080504,63854623827,moori_artwork,ğŸ‘,2024-11-14 04:35:54,0
18051120451823702,27482159508,mahdiar_bz,ğŸ”¥,2024-11-14 03:42:07,0
17875245459126521,5327613144,sirvan_ghorbany,Ø¨ÙØ±Ø³,2024-11-13 16:17:51,0
18469185226032950,58504279065,shayancompany1372,Ø¹Ø§Ù„ÛŒ Ø§Ø³ØªØ§Ø¯,2024-11-12 15:17:41,0
18069545650722319,64266241593,abarvideo,ğŸ™Œ,2024-11-12 10:31:45,0
18281829724173167,2543973313,ali.mahjob_,Ø¨ÙØ±Ø³Øª ğŸ˜‚,2024-11-11 23:38:30,0
18082049371559025,58755170418,photo.gym1,ğŸ”¥ğŸ”¥,2024-11-11 10:03:50,0
18028457825171928,66850013478,di_mq11,Ù„ÛŒÙ†Ú©,2024-11-11 07:54:26,0
17894537103096814,51614226290,n_i._.x_ff,Ø¨Ù†Ø§Ø²Ù…,2024-11-10 17:51:18,0
18155065240332713,62613401465,manisadeghii1,Ø³ÛŒÙ†Ù…Ø§,2024-11-09 15:58:57,0
17983781126764200,62613401465,manisadeghii1,Ø¨Ù‡ Ø¨Ù‡,2024-11-09 15:58:30,0
18170330470311630,49935425947,hamid.kazaktor,Ø¨ÙØ±Ø³Øª,2024-11-09 11:40:25,0
18057426388878705,57978106242,aetclubfx,ğŸ™Œ,2024-11-09 11:13:55,0
18065100064666788,3517778921,_.alexital._,ğŸ”¥ğŸ”¥ğŸ”¥ğŸ”¥ğŸ”¥,2024-11-09 09:05:45,0
18380026141103942,447592964,artin.exe,ğŸ”¥,2024-11-09 08:32:43,0
18026375981232971,1098755650,holofractographicworld,ğŸ”¥,2024-11-09 08:17:08,0
18072673756547027,38082526577,sir.5g,â¤ï¸,2024-11-09 07:17:11,0
17892250782027759,47411836371,bagherzade.ir,ğŸ˜,2024-11-08 11:17:17,0
18326129590158553,65944890452,mmdh3ydari,ğŸ”¥ğŸ”¥,2024-11-07 08:27:47,0
18045480926086555,68315029332,no3rat__pr,Ù†Ø§Ù…ÙˆØ³Ù† Ø¨ÙØ±Ø³ğŸ˜‚,2024-11-05 17:35:51,0
17862094152264168,48174882838,mhatmy958,Ø¨ÙØ±Ø³Øª,2024-11-04 17:56:07,0
18064586212673110,66874993952,symphonicshutter,ğŸ‘,2024-11-03 16:03:07,0
18074290861596745,52708837288,m.a.h.b.o.b.8382,Ø¨ÙØ±Ø³Øª,2024-11-03 14:00:40,0
18005243426661763,35794272710,ali78sadeqi,ğŸ”¥,2024-11-03 02:52:30,0
18359994823139926,6071155685,omid_nasudi_,Ù„,2024-11-02 22:31:05,0
17915178969007109,9254561253,0.5._.a,ğŸ˜¢ğŸ‘,2024-11-02 19:23:31,0
18062678095690176,68004271004,loyal_shadow13,Ø´ÛŒØ± Ø§ÛŒØ±Ø§Ù†,2024-11-02 11:34:54,0
18325615162152565,59555438714,ilia.kamel,Ø¨ÙØ±Ø³ØªğŸ˜ğŸ˜‚,2024-11-01 10:12:02,0
18335153434181855,68280240750,mohammadfathi.design.studio,ğŸ‘,2024-10-31 20:09:21,0
18048526159956184,52914455084,sina.editorr,Ú©Ø§Ù…Ù†ØªğŸ˜„,2024-10-31 07:02:15,0
17952227024847590,68074535583,mhdiyar_130,Ø§Ø±Ù‡,2024-10-31 06:38:15,0
18465855226059808,65102557318,mahdihasttam,Ø±Ù†Ú¯,2024-10-31 05:30:34,0
17924173499976517,9284661817,amixno_0,â¤ï¸,2024-10-30 23:11:40,0
18346954291131812,6788014389,_sashabehrouz,Ø²Ø§Ø±Øª,2024-10-30 20:35:57,0
18014809283630833,2276138167,rohiafshar.official,Ø¹Ø§Ù„ÛŒÙ‡,2024-10-30 20:30:36,0
18056925277853680,48586330443,maz_.yr,ğŸ”¥,2024-10-30 13:46:39,0
18309213589166642,58411392387,mamadreza_._sh35,Ø³Ù„Ø§Ù…,2024-10-30 06:44:20,0
17933592650943747,65684974165,maria_71pv,ğŸ”¥,2024-10-30 02:55:10,0
18425632348078701,65684974165,maria_71pv,Ø¨ÙØ±Ø³Øª,2024-10-30 02:54:30,0
18040152221510691,36539069623,hamidrezazayen,Ø³Ù„Ø§Ù…,2024-10-29 21:21:56,0
18467200798054127,36046498753,mr_amirr_00,â¤ï¸ğŸ˜,2024-10-29 19:38:25,0
18087766627501642,26901646277,aryan.bb1396,â¤ï¸â¤ï¸,2024-10-29 11:02:40,0
18056322571870333,2880075151,solmazboroomand,ğŸ˜®ğŸ˜®ğŸ˜®,2024-10-29 07:24:10,0
18021239930276100,2211137863,mahdi_a_09,Ù‡Ø§ÛŒ,2024-10-28 16:33:27,0
18018344201546528,67156879687,rahim_gashool,ğŸ™Œ,2024-10-28 14:27:26,0
18036157931231033,68702202578,hol.a6367,Ù‡Ø± Ú†ÛŒ,2024-10-27 22:38:48,0
18010280756446594,2339938861,__omiiidpanahi__,Ú©Ø§Ù…Ù†Øª,2024-10-26 22:29:39,0
17944915337898076,30965144637,arezzmusic,Ø®Ø¯Ø§ÛŒÛŒ Ø¨ÙØ±Ø³,2024-10-25 22:12:46,0
18255729637302087,42387696720,colorles.a,Ù…ÛŒÙˆ,2024-10-25 16:32:28,0
18306818101163346,27639335967,mhdiheydri1,ğŸ”¥â¤ï¸,2024-10-25 15:29:00,0
18376728802097895,60328729530,designers_maker,Ø§ÛŒÙˆÙ„,2024-10-24 13:25:44,0
17944598297776409,68642217004,sedarati.amir,Ø¨ÙØ±Ø³Øª Ù„Ø·ÙØ§,2024-10-24 05:27:34,0
18067806217568964,57619791844,mahziar_m.17,Ø³Ù„Ø§Ù…,2024-10-23 07:38:00,0
18029357573458551,50102652256,nixo_graphic,Ø¯Ø§Ø¯Ø§,2024-10-23 04:54:28,0
18464537887021496,8888143690,mp17313,Ø¨Ø¨,2024-10-22 18:48:51,0
18123342151383512,7982692612,mehdi_krbc,Ú©Ø§Ù…Ù†Øª,2024-10-22 15:33:47,0
18045951173007400,29068724205,safaiean1490,â¤ï¸,2024-10-22 12:51:29,0
18036097490260935,68074535583,mhdiyar_130,Ù…,2024-10-21 16:38:00,0
18046212218050644,5521353505,saeedarabi.videographer,ğŸ˜,2024-10-21 13:59:23,0
18360374455139141,17424300171,sm_mousavinezhad,â¤ï¸,2024-10-21 12:17:26,0
18460865902041644,14437975350,lcellstudiol,ğŸ¦ˆ,2024-10-21 10:34:50,0
18060205561750376,47717894824,mehdi.larkee,Ø¹Ø¬Ø¨Ø¨,2024-10-21 09:56:10,0
17969350658660512,353832359,herozaky1,Ù‡Ø±Ú†ÛŒØ²ÛŒ,2024-10-20 11:45:41,0
18050506600779759,32695637149,nazaninefallah,ğŸ”¥ğŸ”¥,2024-10-19 12:19:03,0
17943070664875783,59859465326,mm1419_313,Ø³Ù„Ø§Ù… Ø³Ù„Ø·Ø§Ù†,2024-10-19 11:12:59,0
18093187945477698,62135968101,ssadra_rahimi,Ø¨ÙØ±Ø³Øª,2024-10-18 14:19:38,0
17903584023050962,51784686051,mehran_jamshidy1,Ø¨Ù„Ù‡,2024-10-17 14:46:30,0
17943679421882887,51784686051,mehran_jamshidy1,ğŸ”¥ğŸ”¥,2024-10-17 14:45:47,0
17844954984334761,6300637270,saeed.saadi1994,Shahkar,2024-10-16 17:46:35,0
18049554454788686,49816749519,mj_.reza,ğŸ‘,2024-10-16 11:48:35,0
18017998160320119,7003062037,hamid_sediq,Ù‡Ø±Ú†ÛŒØ²ÛŒ,2024-10-15 18:43:40,0
17900947710061822,610847802,parsa_fakhar,Comment,2024-10-15 15:09:33,0
18079869649544949,7908001345,xzowliix,â¤ï¸,2024-10-14 14:25:52,0
17980635326749701,1760982798,hossein_7760,Ø¨ÙØ±Ø³Øª,2024-10-13 22:01:52,0
17954061716832156,1686414032,kasiriehsan,ğŸ”¥ğŸ”¥,2024-10-11 11:10:26,0
17978677391619551,3429239473,nicee.shop,â¤ï¸â¤ï¸,2024-10-11 09:35:23,0
17887563831100271,61658923512,capitan_sj,ğŸ”¥ğŸ”¥,2024-10-11 06:54:20,0
18083426503521680,27734198653,mcnd.cute.exo,Ú©Ø§Ù…Ù†Øª.,2024-10-10 10:35:30,0
18170962159308565,48190180526,mohammad_reza_mrd11,Ø³Ù„Ø§Ù… ğŸ¥,2024-10-08 02:16:07,0
18081550897468333,60366121367,hamid__zahir2024,â¤ï¸,2024-10-07 08:55:31,0
18071779336596295,2845574484,ahmad_gh.shiran,Gffd,2024-10-07 08:49:45,0
18045963950053340,2583112006,hamidraahmati,ğŸ‘,2024-10-06 23:56:38,0
18361636447117010,52174196247,arman_tosee,Ø³Ù„Ø§,2024-10-06 21:43:09,0
17950513553848646,1735123394,xarmanwishx,ğŸ”¥ğŸ˜,2024-10-06 10:16:43,0
18056774215770508,8546360911,aliakbarkh118,â¤ï¸,2024-10-05 23:04:28,0
18089130115494268,67599898693,parhamgj06,ğŸ‘,2024-10-05 13:00:08,0
18461047390028416,64181258521,seyed.hashemi88,.,2024-10-05 12:20:43,0
18087994954444391,37810230513,ne.mat9023,Ø¯Ø³Øª Ù…Ø±ÛŒØ²Ø§Ø¯,2024-10-05 11:44:33,0
17998392764676265,1929129130,aliteymoorian,Ø¨ÙØ±Ø³ØªÛŒØ¯,2024-10-05 10:48:52,0
18110677021411833,1929129130,aliteymoorian,Ø¹Ø§Ù„ÛŒÙ‡,2024-10-05 10:48:33,0
18140177356351056,590312430,mohammadreza.foj,Ø¨ÙØ±Ø³Øª,2024-10-05 08:51:53,0
18018453167302533,48513373040,sandastudio,Ø³Ø§Ù…ÛŒ,2024-10-05 08:30:39,0
17990037344562155,48203792465,twokeek,Ø¨ÙØ±Ø³Øª,2024-10-05 08:29:41,0
17922165398871660,2305603972,afshiaa,ğŸ˜,2024-10-05 06:53:10,0
18044114975071826,4005718634,mobin.theabstract,h,2024-10-04 18:41:25,0
17900970744059089,69102155473,hell.oworldprint2024,Ø¹Ø§Ø§Ø§Ø§Ø§,2024-10-04 16:52:44,0
18247215436281587,60455342595,amustudioo,ğŸ”¥,2024-10-04 16:21:49,0
18283288276208442,66993266937,just.8for8test,Ø¨Ø±ÙØ±Ø³,2024-10-03 17:03:17,0
18070902538590057,1412085242,_melikayaribakht_,Ù‡Ø±Ú†ÛŒØ²ÛŒ,2024-10-03 14:08:42,0
17856716901224646,10002240151,ronahastamdoostan,Ú©ÛŒÙˆ Ú©ÛŒÙˆğŸ”«,2024-10-03 12:43:03,0
18457875172052558,67849778325,editoriom,Ø¨ÙØ±Ø³Øª,2024-10-03 11:44:39,0
18050493181909446,49948909499,abolfazlyx,Ù‡Ø±Ú†ÛŒ,2024-10-03 10:51:46,0
17975991197775086,20084910751,amir.mohaddes_,Ú©Ø§Ù…Ù†Øª,2024-10-03 06:01:10,0
17875475010175485,5493806525,its.haloxan,ğŸ‘,2024-10-03 05:03:14,0
18017682275306648,2111913474,realayhanrn,Ú†Ø´Ù…,2024-10-02 23:04:15,0
17935009043925891,3608406597,akkasi.love,ğŸ˜ğŸ˜ğŸ˜ğŸ˜,2024-10-02 22:09:37,0
17965519310674401,3436312234,soheil_slz,Ø¨ÙØ±Ø³Øª,2024-10-02 20:23:56,0
18020052587263544,29569597934,rahtooshe760,ğŸ”¥ğŸ”¥,2024-10-02 19:27:34,0
18084989464502731,48879843455,itsermiyaph,200,2024-10-02 18:59:23,0
18320033104154645,1508864784,vahid.fakhimi,Ø¹Ø§Ù„ÛŒ Ø¨ÙˆØ¯,2024-10-02 18:23:34,0
18102905170435056,60663043154,medisagraphic,Ø¹Ø§Ù„ÛŒÙ‡ğŸ™Œ,2024-10-02 18:10:54,0
17922236516968078,60770400248,thebakideh,ğŸ”¥,2024-10-02 18:08:39,0
18053922955857845,1343637457,cna_rashed,ops,2024-10-02 12:57:07,0
18019065725530083,1816812550,_alireza.jokar,Ø¨ÙØ±Ø³,2024-10-02 12:42:09,0
18000083609665739,68455843015,mini.jafarian,Ù…ÙˆØ²Ø¹Ù„ÛŒ,2024-10-02 09:41:51,0
18015473669540677,32902022496,a.m.i.r.asadi13,ğŸ”¥ğŸ”¥,2024-10-02 08:59:28,0
18022931126423301,12063057107,ezzy_bility,Ø¹Ø§Ù„ÛŒ,2024-10-02 08:44:01,0
18046732285819138,4139988299,00zeinab_abb,ğŸ˜ğŸ‘,2024-10-02 06:44:55,0
18275579140242282,64425055321,hadiabaspur,Ø¹Ø§Ø­,2024-10-02 06:32:39,0
17939806325905630,4779123403,arian_zarini,ğŸ”¥,2024-10-02 06:02:59,0
17992373570534236,14219043019,baran_film_ali_karimi,Ø§Ø³Ø±Ø§Ø¦ÛŒÙ„,2024-10-02 04:25:51,0
17941854740884436,50698032217,azad.tezo,Ø³Ø³ Ù…Ø§Ø³Øª,2024-10-02 04:21:10,0
18253776352264227,49987618658,mohoka321,Ø¨Û´Ø±Ø³Øª,2024-10-02 04:17:45,0
18254325814267041,11174242299,golden_cut_talakoob,ğŸ˜Ú†Ù‡Ø¹Ø§Ù„ÛŒ,2024-10-01 19:09:03,0
18128016637374283,48349196978,behnam.rip,Ø¹Ø§Ù„ÛŒ,2024-10-01 16:40:07,0
17971780373784757,1578281334,mr_gorbii,ğŸ”¥,2024-10-01 16:15:28,0
18000811406669325,62788041176,sam.satanic12346,Ø³Ù„Ø§Ù…,2024-10-01 11:50:01,0
18096857851460483,25595908557,m.ali.nasiiiri,ğŸ”¥,2024-10-01 11:17:55,0
17969611961652197,50202159621,mmd_h.85,Ú†Ø´Ù…,2024-10-01 08:50:26,0
18019061942282084,63444265106,rowh4m,Ù¾Ù„Ø§Ú¯ÛŒÙ†Ù†Ù†Ù†,2024-10-01 08:32:56,0
18037615934482113,18556814591,hor.graph,Ø¨ÙØ±Ø³,2024-10-01 07:49:02,0
18036290950981818,12188681849,behzad_usofi,ğŸ˜,2024-10-01 07:36:31,0
18017191121618495,51638020817,rezamindest,bah bahğŸ”¥ğŸ™Œ,2024-10-01 07:22:28,0
18067498600717416,54219491411,nadeeeeer.76,Ù…Ù…Ù†ÙˆÙ†,2024-10-01 03:15:42,0
18040953632107667,58386810570,maziweb_ir,ğŸ‘,2024-10-01 02:10:28,0
18048582628769152,44826801385,7mostafa10,.,2024-10-01 00:21:41,0
18053378620896466,27756655609,hstiiabbasii,ğŸ˜,2024-09-30 22:19:43,0
18314818567086458,1535584254,pouya.sotoudeh,Link pls,2024-09-30 21:14:17,0
17900331006053273,1606776149,shahryar_ebady,Ù„ÛŒÙ†Ú©Ùˆ Ø¨ÙØ±Ø³Øª,2024-09-30 19:33:48,0
17844638328303738,48043115463,amiraliajam.pro,Ø¨ÙØ±Ø³Øª,2024-09-30 19:32:06,0
18116794519392038,56013150897,yoonesfreidooni,Ø¨Ù‚Ø±Ø³ØªğŸ”¥,2024-09-30 17:35:19,0
18022928690432858,56013150897,yoonesfreidooni,Ø¨ÙØ±Ø³Øª,2024-09-30 17:30:08,0
17845993848315834,38953073366,naghashezal,Ø®ÙÙ†Ù‡,2024-09-30 16:56:34,0
17900357024973862,53289766941,kikiashon,ğŸ”¥,2024-09-30 16:34:26,0
18035963735232130,66829478255,abbas_asadi118,Ø¹Ø§Ù„ÛŒ,2024-09-30 13:48:46,0
18038294096134338,6907624177,masihastam,Ø¯Ø³Ø®ÙˆØ´,2024-09-30 13:38:40,0
17867105928211594,52491273647,matin8mrd,ğŸ‘,2024-09-30 13:08:50,0
18038310347168092,1651897649,omidsafaaa,Ø¨ÙØ±Ø³Øª,2024-09-30 12:24:29,0
18093037402463365,8480699524,walcrwlr,Ø¹Ø¬ÛŒØ¨Ù‡,2024-09-30 11:30:12,0
18012089030362443,67135714572,amir_mhmudy12,Ù¾Ø±Ù…ÛŒØ±,2024-09-30 11:25:45,0
17875014702099253,6284353648,leila_shm_,Ù„ÛŒÙ†Ú© ğŸ˜‚,2024-09-30 10:28:53,0
18057153829796111,64011362668,suyebehesht,Ø¨ÙØ±Ø³,2024-09-30 08:26:12,0
18045764908974673,9227798886,arshammoeini,Ù…Ø±Ø³ÛŒ,2024-09-30 07:43:59,0
18461315134003518,36048921674,amir_.ags,Ú©Ù¾ Ú©Ø§Øª,2024-09-30 07:30:25,0
18358759444112229,16115850871,_arkii._,ğŸ‘ğŸ‘,2024-09-30 06:43:46,0
18063038872655673,49173807599,im.annitaa,ğŸ™ŒğŸ™ŒğŸ™Œ,2024-09-30 06:32:51,0
17995558316692830,40662299792,soheil_6614,Ù…Ù…Ù†ÙˆÙ†,2024-09-30 03:09:55,0
18021100073226659,33171831721,arezow_t,Ø¨ÛŒÙ„Ø¨ÛŒÙ„Ú©,2024-09-30 03:05:07,0
18092671156466977,1711503861,miladganjy,ÛŒØªÙ‚Ù†ÛŒØªØ±ÙˆÙ‚Ù†Ø«Ù…Ø³Ù†,2024-09-30 02:55:19,0
18058850110743244,61946297401,danial._brian,Ø¨Ù†Ø§Ø²Ù…,2024-09-30 02:52:22,0
18018699353574884,4874849827,sahand_mirazad,â™¥ï¸,2024-09-29 22:12:02,0
17922107696970939,56615390887,sajjad_sadeghi.art,ğŸ¤ğŸ»,2024-09-29 22:07:37,0
18014315369629019,21783647177,amirpiic,Ø¨ÙØ±Ø³Øª,2024-09-29 21:48:13,0
18043551362070402,52302118483,amirmamad_x,Ø¹,2024-09-29 21:25:17,0
18460573495053500,2377236508,ahhasanzadeh_31569,ğŸ”¥,2024-09-29 18:38:45,0
18025316219153011,5703747415,elmiraw_rz,ğŸ‘,2024-09-29 18:28:16,0
17859107538202835,7467311438,mizb5412,Ø¨Ø§Ø±ÛŒÚ©,2024-09-29 17:16:58,0
18038048237142413,1650545563,photo3_gallery,Ø³Ù„Ø§Ù…,2024-09-29 16:19:15,0
18010263374631836,1549930952,cnas_official,â˜ï¸,2024-09-29 14:14:05,0
18034635413228330,69403932536,negarr.photography,Ù‡Ø±Ú†ÛŒğŸ˜‚,2024-09-29 11:29:15,0
18249503809258128,60445649763,indesign_graphist,ğŸ”¥,2024-09-29 11:18:57,0
18071495917602912,1056485975,amir_.davood,ğŸ™Œ#,2024-09-29 11:04:43,0
18101310598449481,54989771178,omid_80f,Ø¹Ø§Ù„Ù„Ù„Ù„ÛŒ,2024-09-29 10:48:34,0
18030642017258570,36855571760,maryam_38_af,ğŸ«£,2024-09-29 10:26:20,1
18455712004054907,65159834154,moha.edite,Ø§ÛŒÙˆÙ„,2024-09-29 09:11:20,0
18088955260494098,2455711433,amintabaghchi,ğŸ˜¢,2024-09-29 08:22:04,0
17951381621836528,4024045913,khani_hamidreza,Ø³Ù¾Ø§Ø³,2024-09-29 04:54:32,1
17882089602131653,46166081842,ninguno827,Ø¹Ø§Ù„ÛŒ Ù‡Ø³ØªÛŒ,2024-09-29 04:19:55,1
17992798160699846,45520090074,mamalixxrr,Ø¨ÙØ±Ø³Øª,2024-09-29 03:40:38,1
18119440702361294,31864912079,1monik_,Ø§Ù‡Ø§,2024-09-28 21:48:24,0
18335342293182610,68891798451,sajadnemati2008,Ú†ÛŒ Ø¨Ú¯Ù… Ø®ÙˆØ¨ØŸğŸ˜‚,2024-09-28 21:04:39,0
18056666797814045,31559545675,parsa_jafari13,ğŸ‘ğŸ”¥,2024-09-28 20:24:29,1
17930143985933598,2231000526,kasratrexx,ğŸ”¥â¤ï¸ğŸ”¥,2024-09-28 20:11:32,0
17854740807274578,66739435668,_227_heshmati.simin,Ø§Ø³ØªØ§Ø¯,2024-09-28 19:56:27,0
18071378845525171,54994766483,miladshekari_pv,Ú†Ø§Ú©Ø±Ù…,2024-09-28 19:03:25,0
17866338015215853,5841959129,peymanhosseini28,ğŸ‘,2024-09-28 18:39:34,0
17918557760986471,1718920497,___s.j___,ğŸ™ŒğŸ™ŒğŸ™Œ,2024-09-28 18:31:22,0
17925814772956533,59351586714,gwen_odd,ğŸ™Œ,2024-09-28 17:54:15,0
17853599208243377,61251424131,reza_hosen_vand,Ù„Ø·ÙØ§ Ø¨ÙØ±Ø³Øª,2024-09-28 17:42:45,0
18330340573182166,4607163350,saman.niknezhad,@viratalent.ir ğŸ™ğŸ»ğŸŒ·,2024-09-28 15:58:19,1
18058615666738885,50511742944,por._ill,ØªÙ‚,2024-09-28 15:18:05,0
17948430029853713,5885881377,_.s.j.d,ğŸ™ŒğŸ”¥ğŸ˜,2024-09-28 13:33:26,0
18041130311026358,3050387822,ypucino,link lotfn,2024-09-28 10:42:28,0
17908646637009012,52652965659,vahid.fpv,Ù…ÙˆØ²,2024-09-28 10:10:56,0
18017658914542572,69045836505,dorbineman_2,ğŸ”¥,2024-09-28 09:47:49,0
18030580946075280,34408870151,ahadi.cod,Ø¨ÙØ±Ø³,2024-09-28 08:38:28,0
18063587164726388,12360276842,itszahrashin,ğŸ”¥,2024-09-28 07:58:52,0
17994824744693246,4536706459,samin_hashemii,Ø³Ù„Ø§Ù… Ø¹Ù„ÛŒÚ©Ù…,2024-09-28 07:45:39,0
18011373068366912,6945034834,aliamaniofficial,Ø¬ÙˆÙ†,2024-09-28 05:17:47,0
18162609937314521,65253017083,aazgraph,Ù…ÙˆØ²,2024-09-28 00:21:49,0
17846342214314952,1591233229,mostafa_mehrzad_,ğŸ˜®,2024-09-27 23:43:47,0
18045461624500183,58468097648,zico_edit,Ø§ÛŒÙˆÙ„,2024-09-27 23:37:26,0
17959397039811884,63535532542,soulrf11,ğŸ”¥,2024-09-27 23:36:59,0
18041418065496110,46265484519,amirc4official,ğŸ‘ğŸ˜‚,2024-09-27 22:15:58,0
18018023063565252,7405517011,javadi.h.j,ğŸ˜ğŸ”¥,2024-09-27 21:48:33,0
17897009385071446,58303182989,nonstopartbeauty,Ø¯Ø§ÙˆÛŒÙ†Ú†ÛŒ,2024-09-27 20:51:14,0
17891429520013994,24263811983,amin.rezaiiie,Ø¨ÙØ±Ø³Øª Ø¨ÛŒØ§Ø¯,2024-09-27 20:27:00,0
17974544957772274,5879018759,amirshahabshahabiorg,ØªØ´Ú©Ø±,2024-09-27 18:37:10,0
18039461426485671,4571460683,_pedram_a,ğŸ‘,2024-09-27 16:55:39,0
17926542467954569,9000861333,mobin_mmz,ğŸ”¥,2024-09-27 14:20:37,0
18057188236631942,7975652510,parsa__ramezani,ğŸ”¥,2024-09-27 12:56:44,0
17879615076115451,62410574445,m2chann3l,Ø¹Ø§Ù„ÛŒÙ‡,2024-09-27 12:37:49,0
18032459228215574,44352794446,hosein_8734.kh,ğŸ”¥ğŸ”¥,2024-09-27 12:01:19,0
18163917655311638,61397114437,tav.studiio,ğŸ”¥ğŸ”¥ğŸ”¥,2024-09-27 10:29:17,0
17863256610232878,49111469411,hosseinrashedi8,Amazing,2024-09-27 06:38:29,0
18005217812645955,44186554274,meysamahmadi.pv,:),2024-09-27 01:53:45,0
18067619290613300,26402107517,mediasho.ir,Ú©Ø§Ú©Ùˆ Ø³Ø§Ù…Ø§Ù† â¤ï¸,2024-09-26 19:21:27,0
18058041115697533,540615860,miladshayestehfar,ğŸ‘ğŸ‘,2024-09-26 17:40:50,0
18015084584325302,69610489850,mahdi.keshavarz.it,Ø³Ù„Ø§Ù…,2024-09-26 15:32:55,0
17891743284085754,5569759136,danial.doostbin,.,2024-09-26 12:56:16,0
18000637388500934,51686276581,a.mix_an,ğŸ˜‚â¤ï¸,2024-09-26 10:57:47,0
18461533405013640,64580176456,aa._.pb,ğŸ”¥,2024-09-26 09:13:28,0
17980384490748397,6917585310,amirali.gh_82,ğŸ”¥ğŸ”¥,2024-09-26 08:50:46,0
18355956424142321,54876317638,ka.shan6837,Ø¯Ù…ØªÙ… Ú¯Ø±Ù…,2024-09-26 08:48:46,0
18314934037081778,54876317638,ka.shan6837,Ø¨ÙØ±Ø³Øª,2024-09-26 08:48:31,0
18103173835427501,40519520244,rezaee.artworks,ğŸ‘ğŸ”¥,2024-09-26 08:13:54,0
18033677075021831,44407493265,saeedsobhaniiii,ğŸ”¥,2024-09-26 07:57:51,0
18038922838922511,5826051999,amin.mohammadi.work,ğŸ”¥ğŸ”¥,2024-09-26 07:47:11,0
18090658168486914,37552134135,amirhossein.hesarii,S,2024-09-26 07:46:16,0
17988312416571317,3276432946,haanshy,Ø¹Ù‡ Ú†Ù‡ Ø¨Ø§Ø­Ø§Ù„,2024-09-26 05:15:41,0
18070922824604113,39056207158,hadi_b_u_l,ğŸ”¥,2024-09-26 05:11:43,0
18077721433484545,62738496527,mohsensafari78,ğŸ‘ğŸ‘,2024-09-26 01:49:11,0
18000092717666106,26490109471,sinaa_ahm,Ø®ÛŒØ§Ø±,2024-09-26 00:42:33,0
18045703780974757,17624645108,shaheertooba,Ø³Ù„Ø§Ù…,2024-09-26 00:01:50,0
17894653899065994,13493509702,1amirhosseinadami,Ú©Ø§Ù…Øª,2024-09-25 21:44:00,0
18006420563476897,32815816776,lineo.ir,Ø¨Ù„ÛŒ,2024-09-25 19:58:21,0
18004821032483271,6300750196,sahand._.pg,ğŸ¦‰,2024-09-25 18:58:06,0
18071843665522883,4960570176,mohsen.aliasghari,ğŸ¤”,2024-09-25 17:02:39,0
17844159906310225,53146339758,diyanaam_,EyvalğŸ˜,2024-09-25 16:43:27,0
17992585016532695,12899213010,mh.moazen,ğŸ”¥,2024-09-25 16:03:56,0
18037684862124482,32709134927,malekonline90,Ø³Ù„Ø§Ù…,2024-09-25 13:37:49,0
18456666796030913,32709134927,malekonline90,Ø³Ù„Ø§Ù…,2024-09-25 13:37:31,0
18344130646135308,49900370227,shahryar.en5,wow,2024-09-25 13:32:21,0
18080156563524165,52620475631,poshtibani_igraph,Ø¹Ø§Ù„ÛŒÛŒÛŒÛŒÛŒ,2024-09-25 12:42:50,0
18041368106033199,12099521691,mahdi_._._ataherian,Plugin me,2024-09-25 12:21:16,0
18047027620943920,9377483410,hojjat_badii,Ø¨ÙØ±Ø³,2024-09-25 11:35:47,0
18326786479147096,59055542790,mohammad.aliir,â¤ï¸,2024-09-25 10:13:27,0
18267809131217480,5918513178,emran7207,ğŸ˜ğŸ˜,2024-09-25 09:05:09,0
17995700627678273,5741376097,saralkiani,.,2024-09-25 08:53:12,0
18042494912301778,69123808652,hadi.aghataherii,ÙØ§Ù„Ùˆ,2024-09-25 08:14:16,0
18057016105779858,64625722013,radio__banafsh,Ø§ÛŒÙˆÙ„,2024-09-25 07:48:03,0
17881416561112017,1569725658,hssnz_areeb,ğŸ™Œ,2024-09-25 07:29:26,0
17975055803769291,17326938748,mohammadmoshyrian,ğŸ‘,2024-09-25 07:13:49,0
17915508539994259,2164286701,armin_ghazvini,Ø³Ø¨Ø­Ø§Ù† Ø§Ù„Ù„Ù‡ ğŸ˜±,2024-09-25 04:25:18,0
18037219208133844,49981846916,esi_hey88,Ø¨ÙØ±Ø³Øª,2024-09-25 04:25:03,0
18053175778883502,54528562817,p_alibabaei,ğŸ”¥,2024-09-25 03:34:29,0
18044712376827425,44530982273,plmj110,Ù‡Ø± Ú†ÛŒØŸ!,2024-09-25 02:58:04,0
18327241582148515,64332157180,m_erfan_asgharyrad,ØµØ­ÙŠØ­,2024-09-25 02:39:22,0
18033967937224340,55149041970,gssina391,ğŸ”¥â¤ï¸,2024-09-25 01:57:10,0
18052412575882198,15879126026,amir_mohammd_ahmadi_1,Ø¨ÙØ±Ø³Øª,2024-09-25 01:51:41,0
17870779608192178,51066881625,who.bbaa,Ù‡Ø±Ú†ÛŒØ²ÛŒ,2024-09-25 00:39:20,0
18019088693571853,514955715,aminchitsaz,Ø¢ÙˆØ±ÛŒÙ†,2024-09-24 23:34:06,0
18323066752152126,38832924475,eybi07,Ø¨ÙØ±Ø³Øª,2024-09-24 22:35:57,0
18038391527282302,6264292453,mokalenz,Ù…Ø§ÙˆÚ†ğŸ”¥,2024-09-24 22:26:26,0
18053192788876057,9234537068,kiyan_ox,Ø¨Ù‡ Ø¨Ù‡,2024-09-24 21:15:58,0
18033128807333274,5321675850,alirezarezaeiniri1379,ğŸ”¥,2024-09-24 20:38:27,0
18244873546279531,1538253694,ali_fazlelahi,ğŸ”¥,2024-09-24 20:25:48,0
18019590788269194,22500428702,faezemortazavi_,Ù‡Ø§ÛŒ,2024-09-24 20:25:34,0
18455104597044456,50311206293,ehsan_andideeh,ğŸ‘,2024-09-24 19:45:42,0
18032327075210278,58436111454,alireza__shahrakii,Ú©Ø§Ù…Ù†Øª,2024-09-24 18:24:53,0
18109753636416662,62208850065,mreza_kzm78,Ú©Ø§Ù…Ù†Øª,2024-09-24 17:44:50,0
17875963536092556,1780149053,jalal_mohammadpouri,ğŸ‘ğŸ‘,2024-09-24 16:37:27,0
17881460082136258,3152832113,nimafarahani_i,Ù‡Ø±Ú†ÛŒØ²ÛŒ,2024-09-24 16:30:44,0
18331297120180853,49552926810,soroushjamaliii,ğŸ”¥Gobs Gobs,2024-09-24 16:19:49,0
17985607250709037,44260713529,sep3nta,Ø¨ÙØ±Ø³Øª,2024-09-24 15:35:30,0
18352039768191430,68016725076,max_graphik,ğŸ”¥,2024-09-24 15:26:31,0
18077135821554863,47413939616,jonam613,@jonam613 Ù†ÙØ±Ø³ØªØ§Ø¯ÛŒ,2024-09-24 15:14:38,0
18419756251075757,8037881988,parnianiwhossein,Ù…Ø§Ø´Ø§Ù„Ø§ğŸ˜ğŸ«¡,2024-09-24 12:56:12,0
17876273739157409,26896099250,ramisa.qasemy,ğŸ˜ğŸ˜,2024-09-24 12:53:51,0
17956507445817274,60114390250,design_andmontage,â¤ï¸,2024-09-24 12:53:30,0
18017455802289560,68653702716,fateme_slriii1,Ù„ÛŒÙ†Ú©,2024-09-24 12:51:03,0
17983923320723891,2077802896,mohammadhasanzandiyan,ğŸ”¥,2024-09-24 11:59:30,0
17878520331149516,5544946941,mohammad.zamani7878,ğŸ”¥,2024-09-24 11:51:08,0
17940473072877828,56753479887,rezarres,Ø¯Ù…Øª Ú¯Ø±Ø±Ø±Ø±Ù… ğŸ’ŸğŸ˜,2024-09-24 11:45:44,0
17991186323549554,50077600442,mohsen_farahzadii,Ø¯Ù… Ø´Ù…Ø§ Ú¯Ø±Ù…,2024-09-24 09:03:32,0
18022416515408719,6070415014,navaye_graphic,Ø¨Ù‡ Ø¨Ù‡,2024-09-24 08:13:02,0
18322222933156006,58463029985,javad.ksha,Ø¹Ø§Ù„ÛŒ,2024-09-24 07:35:36,0
18038510395922225,5644052005,abolfazll_musavi,Ù„ÛŒÙ†Ú©,2024-09-24 07:34:20,0
18135825565359978,2578779800,aliimolaeii,ğŸ˜,2024-09-24 07:32:36,0
18008125154639369,23232045881,fateme.mskn,ğŸ˜,2024-09-24 07:11:13,0
18054420091831443,61034792987,saba97171,Ø¹Ø§Ù„ÛŒ,2024-09-24 04:49:35,0
18041016512037014,5572735098,ehsan.karizi2497,Ø³Ù„Ø§Ù…,2024-09-24 04:18:14,0
18016172003536419,67831177026,mohammadsaleh.mt85,Ø¹Ø§Ù„ÛŒ,2024-09-24 03:51:16,0
18037951340142768,9036708304,sajjadskz,Ù‡Ø±Ú†ÛŒØ²ÛŒ,2024-09-24 03:24:58,0
18049655239926877,3151021815,isosober,Ù…Ù…Ù…Ù…,2024-09-24 01:17:12,0
18018550514284682,2097896188,mahdipakaghideh,@negin.mobasherii Ù†Ù‡ Ù†Ù‡ Ù†Ù‡Ù‡Ù‡ Ù…Ù† Ø§ÛŒÙ† Ú©Ø§Ù…Ù†ØªÙˆ Ù†Ø¯ÛŒÛŒØ¯Ù…Ù…Ù… ÙˆØ§Ø§Ø§ÛŒ Ù¾ÙˆÙ†ØµØ¯ Ø¯Ù„Ø§Ø± Ù¾ÙˆÙ„ Ù¾Ù„Ø§Ú¯ÛŒÙ†Ù‡ Ú© Ø¨Ù¾Ø±Ø³ÛŒ ØªÙˆ Ø§ÛŒÙ†Ø´Ø§ØªÙ… Ù…ÛŒØ§Ø¯Ø¯ ØŸØŸØŸ Ø®Ø¯Ø§Ø§Ø§Ø§Ø§ğŸ˜‚ğŸ˜‚,2024-09-24 00:20:43,0
17855842194223306,5504845403,jodeyri.photography,Ú©Ø§Ù…Ù†Øª,2024-09-23 23:13:39,0
17851557561289087,3406870751,mehdifallah._,ğŸ”¥,2024-09-23 23:09:00,0
18312903760085121,40856830108,milad.moradgholi,ğŸ”¥ğŸ”¥,2024-09-23 22:55:26,0
18052603222721829,54345793146,taditors,Ú©Ø§Ù…Ù†Øª,2024-09-23 22:09:03,0
18130176049329347,38566752603,mimvahidi,.,2024-09-23 21:53:26,0
17850998280292890,1701776689,amirhossein__sadri,ğŸ”¥ğŸ”¥ğŸ™Œ,2024-09-23 21:51:51,0
17871182469190303,1701776689,amirhossein__sadri,ğŸ”¥ğŸ”¥ğŸ™Œ,2024-09-23 21:51:32,0
18021114740196960,48843772803,mtin_77_,â¤ï¸,2024-09-23 21:40:34,0
17980626887737374,45141492985,_shayansohrabi,ğŸ‘,2024-09-23 21:37:12,0
18366013729110019,1202777022,hamidrezafataeii,ğŸ‘ğŸ‘ğŸ”¥,2024-09-23 20:54:30,0
18020471414578060,50050292106,fatemeh_peyvand17,Ù¾Ø±ÛŒÙ…ÛŒØ±,2024-09-23 20:48:34,0
17842145394324311,34388757465,_mjolnir._,Ø¯Ù…ØªÙ… Ú¯Ø±Ù… ğŸ¤ŒğŸ»,2024-09-23 20:42:11,0
17982599384726724,47529380324,ahmadreza.mahmoody,â¤ï¸,2024-09-23 20:24:20,0
17958569501815628,4189195215,mh.eyvazii,...,2024-09-23 19:59:34,0
18076498258548348,2348997566,mh_aaghakhani,Ø¹Ø§Ù„ÛŒ,2024-09-23 19:48:53,0
18094779163422852,44768138381,srghkry,Ø¨Ù†Ø§Ø²Ù… ğŸ”¥,2024-09-23 19:39:49,0
18371450794102468,1583555666,hyazdaniii,â¤ï¸â¤ï¸,2024-09-23 18:28:12,0
18455584309029076,68470159007,marimag.ir,Ú†Ù‡ Ø®ÙˆØ¨Ù‡ ğŸ˜,2024-09-23 18:16:43,0
18088584916489487,51237554793,taha_dehgani315,Ø¹Ø§Ù„ÛŒ,2024-09-23 17:41:52,0
18029778008463267,36792439357,m_m_mohammadi_1,ğŸ˜ğŸ‘ğŸ‘ğŸ‘ğŸ‘ğŸ‘,2024-09-23 17:36:51,0
18350309077191999,48822753215,keisaedit,â¤ï¸Ù…Ù…Ù†ÙˆÙ†,2024-09-23 17:16:36,0
18353467423184144,4167359811,tanin.amin,ğŸ™Œ,2024-09-23 16:57:11,0
18011662118347827,10255928578,taha.828r,â¤ï¸,2024-09-23 16:15:27,0
18337832392120366,57807159448,hossein.g86,ğŸ”¥,2024-09-23 16:13:13,0
18072890338513430,39913868651,amin.sudd,ğŸ™Œ,2024-09-23 15:41:24,0
18030405440062637,2256633885,alireza_kamranpey,Ø¹Ø´Ù‚ Ù…Ù†ÛŒ â¤ï¸,2024-09-23 15:20:07,0
18022998863411579,10814248114,amirrahimi.edit,Ù‡Ø± Ú†ÛŒ,2024-09-23 14:59:12,0
18057739189760323,5573030564,amirmohammad_hadi_,ğŸ˜ğŸ˜,2024-09-23 14:48:51,0
18037963079136304,17369416551,lil___venom,ğŸ”¥,2024-09-23 14:06:37,0
18079815985525534,55210820963,negahnaabartwork,Ø¹Ø§Ù„ÛŒ,2024-09-23 13:47:34,0
18006587117464929,57689747375,0nima021,Are,2024-09-23 13:40:02,0
18137615716350673,1657399706,dani.ellllllllllllllllllllllll,ğŸ‘ŒğŸ‘Œ,2024-09-23 12:41:24,0
17979133418736493,65813734878,ali_feri.pv,ğŸ˜,2024-09-23 12:25:45,0
18120404560385693,66460597589,majed_edite,Ø¨ÙØ±Ø³,2024-09-23 12:03:48,0
18147810376334832,50361128595,pv.mhyr,Ø­Ù„Ø§Ù„Øª,2024-09-23 12:00:23,0
18045641860818629,16402681172,ho3ein.su24,Ø¨ÙØ±Ø³Øª Ø¯Ø§Ø´,2024-09-23 11:51:03,0
17951367533834494,4323676044,_mah_sami,ğŸ”¥ğŸ”¥,2024-09-23 11:27:45,0
18327082900194567,21479834364,amin_etemadi11,1,2024-09-23 11:20:20,0
18055742674827268,48197453048,181.ir,Ù†ÛŒÙ… Ú©Ù„Ø§Ú†,2024-09-23 11:15:41,0
18009383324386386,1383784832,a.abedi1992,ğŸ˜‚,2024-09-23 10:52:03,0
18057176710696253,53696249360,abolfazll.salmani,ğŸ™Œ,2024-09-23 10:33:46,0
18043231631051875,67638546896,mahdi_eskndri23,â¤ï¸,2024-09-23 10:30:27,0
17921006333872028,41859031423,mbagherkh,Ø¨Ù†Ø§Ø²Ù…ğŸ”¥,2024-09-23 10:24:26,0
17958699260812383,8093884289,_.alighaf._,ğŸ”¥ğŸ”¥,2024-09-23 09:25:40,0
17883402909053693,9446087025,mohsen_soltanijo,ğŸ‘,2024-09-23 09:18:32,0
18090546988478638,27144331790,henrd_,Miow,2024-09-23 08:59:59,0
17919832070974379,1598166417,mohammadshahryar_music,âœ…,2024-09-23 07:58:03,0
17954327228719306,61820053317,tablosazi_mehdipur,Ø§Ø¨Ù„,2024-09-23 07:44:14,0
18458793712010927,61820053317,tablosazi_mehdipur,Ø¨,2024-09-23 07:43:53,0
17919633956972135,32436993087,moha_mmadreza21,ğŸ‘,2024-09-23 07:15:03,0
18463496041060595,67146660724,mtiimedia,ğŸ‘ŒğŸ»ğŸ”¥,2024-09-23 06:53:20,0
18007077911446854,67146660724,mtiimedia,â¤ï¸â¤ï¸,2024-09-23 06:52:44,0
18058701856699270,26710856022,samansadeqhi,Ø³Ø§Ù…Ø§Ù† Ø¯Ø§Ø´ ÙˆØ§Ø³ Ù…Ù† Ù†ÙŠÙˆÙ…Ø¯,2024-09-23 06:37:41,0
17981283722607666,5029931886,whitenigga_sami,Be,2024-09-23 06:37:41,0
17872820508175756,16110344933,emad_ioi,ğŸ˜®ğŸ˜®,2024-09-23 06:36:48,0
17880703107083357,8027224928,amirali.jahdi,ğŸ”¥ğŸ‘,2024-09-23 06:31:38,0
18021744401451320,8027224928,amirali.jahdi,Ø§Ø®Ø±Ø´ ğŸ˜‚,2024-09-23 06:30:58,1
18031262390203922,13264546391,pedramasghari_photography,Ø¯Ø³Ø®ÙˆØ´,2024-09-23 06:21:38,0
17901038327965250,13264546391,pedramasghari_photography,ğŸ”¥,2024-09-23 06:20:58,0
18277500931244324,49332441971,elyoss_gr,Ø¯Ø±ÙˆØ¯,2024-09-23 06:17:30,0
18006830387454476,4165101700,amir.derakhshandeh_,ğŸ”¥ğŸ˜,2024-09-23 06:16:49,0
18061189282732705,49403078697,amirali_.akbarii,Ù¾Ø±ÛŒÙ…ÛŒØ± Ú©Ø§Øª,2024-09-23 05:52:43,0
18038106829899460,1693534959,aria.zamanii__,Gh,2024-09-23 05:51:51,0
18339980503135236,2047420566,alireza_teimouri64,Ø¹Ø§Ù„ÛŒ Ø¨ÙˆØ¯ Ù…Ø±Ø³ÛŒ.Ø´Ù…Ø§ Ø¨Ù‡ØªØ±ÛŒÙ†ÛŒ,2024-09-23 05:25:36,0
18072186241562443,8470577231,_kimiyafard_,ğŸ˜ğŸ˜,2024-09-23 04:59:09,0
18327758536198814,2080692463,aliahmad.ahmadi,E,2024-09-23 04:46:07,0
17939195717900348,62484684709,parsabasiji,Ø¹Ø§Ù„ÛŒ,2024-09-23 04:37:47,0
17901161180963003,1223581222,shxayan,ğŸ‘ğŸ‘,2024-09-23 04:30:57,0
18031679342254141,57306842232,champion11064,Ø¬ÙˆÙ†,2024-09-23 04:00:34,0
17992997255703457,53814758027,leo_119_eagle,ØªÙˆ Ø¨Ù‡ØªØ±ÛŒÙ†ÛŒ Ø¹Ø²ÛŒØ²,2024-09-23 03:11:32,0
18052005307872018,8714302758,hoseinnaderiorg,ğŸ˜¢ğŸ˜¢ğŸ˜¢ğŸ˜¢,2024-09-23 02:59:30,0
18028210991357632,62062592536,mohammadali._.tamkin,Ø¨ÙØ±Ø³,2024-09-23 02:57:13,0
17976214097770284,68285679672,alireza_mohammadi_iran,ğŸ˜,2024-09-23 02:24:04,0
18284981284225055,33247756935,i_.mehrad,ğŸ”¥ğŸ”¥ğŸ™Œ,2024-09-23 02:17:15,0
17926545002842610,31471642816,piremardeperiod,Mnd,2024-09-23 00:29:57,0
18000672752507713,67139919637,student_no01,ğŸ”¥ğŸ”¥,2024-09-22 23:22:07,0
18296118412204974,3483182552,grikor_.pr,.,2024-09-22 22:06:33,0
18057784705775382,8450211170,sobhan_mjd22,ğŸ™Œ,2024-09-22 21:20:58,0
17989671224707180,1157906924,amirhossein_nzr,ğŸ”¥ğŸ”¥ğŸ”¥,2024-09-22 21:20:11,0
18063269251578575,1282875787,aliayyarii,ğŸ–•,2024-09-22 21:00:38,0
18022186367194496,903137017,studio_behrokh,ğŸ”¥,2024-09-22 21:00:38,0
18030393968261160,30989026716,amin_sobatii,â¤ï¸â€ğŸ”¥,2024-09-22 20:38:19,0
17916568730987878,48837423914,mehdi_my_m,Ú©Ø§,2024-09-22 20:34:53,0
18337507924122735,3162549288,amirhosein_7735,ğŸ˜‚ğŸ˜‚,2024-09-22 20:15:38,0
17842870335321158,18263340046,sepehrkhodadadi2,ğŸ‘,2024-09-22 20:10:09,0
18025945814373291,8585773080,seyedrezahashemi118,Ø¯Ù…Øª Ú¯Ø±Ù…,2024-09-22 19:57:54,0
18034469369005260,44809082733,komeil0.133,Ø¨ÙØ±Ø³Øª,2024-09-22 19:57:27,0
17985142103722651,68101045858,tahanabie69,Ù„ÛŒÙ†Ú©,2024-09-22 19:55:42,0
17940538160866726,7344800749,alibaghizadeh80,Ø¨ÙØ±Ø³Øª,2024-09-22 19:53:15,0
17934583025916584,7344800749,alibaghizadeh80,ğŸ‘,2024-09-22 19:53:09,0
17940842579884526,50938927882,amiralikhosravi.ir,ğŸ”¥,2024-09-22 19:43:49,0
18027494312105949,52024877814,vafadoust.art.group,ğŸ˜ğŸ˜,2024-09-22 19:34:42,0
17947041617848056,1950266716,mohsen_hshmi,ğŸ˜ğŸ˜,2024-09-22 19:28:13,0
17968929410790824,8644192946,emad_fatemi9,ğŸ”¥ğŸ”¥,2024-09-22 19:26:13,0
18007669709429567,1418367836,__m.reza___,ğŸ‘,2024-09-22 18:08:22,0
17989453778702989,63528786104,editorisj,Ø§Ø³ØªØ§Ø§Ø§Ø§Ø¯ğŸ˜,2024-09-22 17:59:54,0
18042530828069354,10501976523,maryam_rasuli.2,ğŸ‘,2024-09-22 17:39:10,0
17873874642176235,1699005916,hossein.atashiii,ğŸ‘ğŸ‘,2024-09-22 17:38:57,0
17974434410777135,63466448088,rezaimusic,â™¥ï¸â™¥ï¸ğŸ¦,2024-09-22 17:34:35,0
18024747689521752,3839920122,mehdihosiny108,Ø¯Ù…Øª Ú¯Ø±Ù…,2024-09-22 17:26:13,0
18046089580813933,9975977171,mirali_reyhani,Ø¨Ø±ÙØ³Øª Ù„Ø§Ù…ØµØ¨ÙˆÙˆÙˆÙˆ,2024-09-22 17:24:51,0
18046332298805220,49165197314,bahraam_sam_,ğŸ”¥ğŸ”¥,2024-09-22 17:19:12,0
17990935421538195,2208524806,elimas.art,Ù„ÛŒÙ†Ú©,2024-09-22 16:52:57,0
17988254627567997,26106650978,alizamani.rs,ğŸ”¥,2024-09-22 16:36:14,0
17980989077607710,49235452198,rezaefatm,Ø§ÛŒÙˆÙ„,2024-09-22 16:36:12,0
18040437101060372,1653660160,hadi_mazloumi_70,ğŸ˜˜,2024-09-22 16:33:01,0
18044753557834807,15171745783,mrdirectrix,Good,2024-09-22 16:23:21,0
18040030001031758,46567477476,reza.rikhtegarzade,.,2024-09-22 16:22:27,0
18011008463345773,1574506935,aminzenith,Ù‡Ø± Ú†ÛŒ,2024-09-22 16:17:04,0
17913914333997141,3408653796,avatorstudio,Ú©Ø§Ù…Ù†Øª,2024-09-22 16:02:05,0
18059048785735980,60221756191,hoonarzad_studio,Ø³Ù„Ø§Ø§Ø§Ø§Ø§Ø§Ù…,2024-09-22 15:58:18,0
18135501739361411,64230522982,hosein.damirchii,Ø¨ÙØ±Ø³Øª,2024-09-22 15:57:54,0
17866793202142683,816856453,2msd1993,Ø¹Ø´Ù‚ÛŒğŸ”¥â¤ï¸,2024-09-22 15:39:28,0
18244033915278334,736700468,_alimardan,@mohammad.mardan_pv  slog 2?,2024-09-22 15:38:20,0
17907228015012543,11624919706,salar_esmailix,Ø®ÛŒÙ„ÛŒÙ… Ø¹Ø§Ù„ÛŒ,2024-09-22 15:37:24,0
17901999671961536,50368895800,injaneb_navidsadat,Ø¨ÙØ±Ø³Øª,2024-09-22 15:19:13,0
18056886613819397,30902252883,amirbalande,ğŸ”¥â¤ï¸,2024-09-22 15:16:45,0
17981672294737279,27698927138,hasanharatiiiii,â¤ï¸,2024-09-22 14:52:03,0
17858423904202873,6739420372,n.taj.f,Ù…Ø±Ø³ÛŒğŸ˜,2024-09-22 14:30:08,0
17897588723982858,46766598980,amirali_pasha9,Ø¨ÙØ±Ø³Øª ğŸ™Œ,2024-09-22 14:29:08,0
18038296381914330,8731269683,soheil_heydarie,ğŸ‘ğŸ˜,2024-09-22 14:25:52,0
18030274199062136,46161095552,amiir_rd,Ø¯Ù…Øª Ú¯Ø±Ù…,2024-09-22 14:14:06,0
17898816129054941,1713506316,bagheri.73.ali,ğŸ”¥ğŸ”¥ğŸ‘,2024-09-22 14:12:15,0
18007330601440997,42645923358,sinane.pv,ğŸ”¥,2024-09-22 14:01:28,0
18041406020040370,42645923358,sinane.pv,ğŸ”¥,2024-09-22 14:01:05,0
18043218376850221,6754607536,samavesali,ğŸ˜,2024-09-22 13:55:45,0
18017304428288726,68077651844,farbodzaker,Ø³ÛŒÙ†Ù…Ø§,2024-09-22 13:31:17,0
18034451333184486,53092192217,amirkhatibi110,Ø¹Ø§Ù„ÛŒ Ø¨ÙˆØ¯ğŸ˜,2024-09-22 13:22:23,0
18039356030111014,18309122230,_.majid._pi,ğŸ”¥,2024-09-22 13:10:47,0
18090346093489185,59956600437,grgb.18,Ù…Ù‡,2024-09-22 13:02:05,0
17946860366846241,10090363658,mhmdrza__mk,â¤ï¸,2024-09-22 13:00:41,0
18070545550603850,520657735,siavash1385,Ú©Ø§Ù…Ù†Øª,2024-09-22 12:51:10,0
18007126745448534,48961786397,sina.pv17,ğŸ”¥,2024-09-22 12:43:10,0
18038691319918839,48961786397,sina.pv17,ğŸ”¥,2024-09-22 12:42:48,0
17952593594832597,48961786397,sina.pv17,ğŸ”¥,2024-09-22 12:42:29,0
18003561098488072,48961786397,sina.pv17,ğŸ”¥,2024-09-22 12:42:22,0
17862831543232102,1495702117,arasheazimi,ØªØ´Ú©Ø±,2024-09-22 12:23:21,0
18101869804404000,47411836371,bagherzade.ir,ğŸ˜¢,2024-09-22 12:16:09,0
18164301499313282,8651417654,arash_khakpowr,Ø¨ÙØ±Ø³Øª,2024-09-22 12:15:18,0
18054803722840864,1530259773,saeedkmii,Ø¹Ø²ÛŒØ²ÛŒ,2024-09-22 12:08:42,0
18135185158361456,1333245724,ali_mazhari93,Pela,2024-09-22 12:04:24,0
17921005262973985,5736052803,mohammadbayat_original,ğŸ˜‚ğŸ˜‚,2024-09-22 11:40:36,0
18332690002177099,58730961643,pg.aliasghar.h,Ø³ÛŒÙ†Ù…Ø§,2024-09-22 11:40:14,0
18059457571665674,45075345332,mamad.abba30,ğŸ™ŒğŸ”¥,2024-09-22 11:36:03,0
17920120349874800,45075345332,mamad.abba30,Ø³ÛŒÙ†Ù…Ø§,2024-09-22 11:35:49,0
18107776372419726,2165059380,_alireza_k.h,ğŸ”¥ğŸ”¥,2024-09-22 11:35:47,0
17879957955069103,4607163350,saman.niknezhad,@mnsafavipv Ø¯Ø§ÛŒØ±Ú©ØªØªÙˆÙ† Ø±Ùˆ Ú†Ú© Ú©Ø±Ø¯ÛŒØ¯ØŸ Ù†ÛŒÙˆÙ…Ø¯Ù‡ØŸ,2024-09-22 11:30:41,0
17920994336970673,9992752439,omid.akbarnezhad1,85,2024-09-22 11:26:26,0
18048886663909196,2299222056,kourosh.batebi,ğŸ‘ŒğŸ˜,2024-09-22 11:22:46,0
18028388717346380,48669773255,cartech369,1,2024-09-22 11:20:28,0
18037861159923836,38469846219,amirtavakoli.83,ğŸ”¥ğŸ”¥Ø¹Ø§Ù„ÛŒÙ‡,2024-09-22 11:20:02,0
17996786660680098,1937823095,amir_m_ho,@,2024-09-22 11:19:58,0
17855698968225942,56685297610,aimotionai,Ø§ÛŒÙˆÙ„,2024-09-22 11:16:20,0
18022274753438831,2332115302,hdorar2012,ğŸ˜,2024-09-22 11:07:04,0
17866872672142464,3578086758,amirrtheboss,Ø¨ÙØ±Ø³Øª,2024-09-22 11:05:03,0
18040706030503093,3578086758,amirrtheboss,Ø¨Ù„Ø§ Ø¨Ø§Ø§ Ø¨Ù„Ø§ Ø¨Ù„Ø§ Ø¨Ù„Ø§ Ø¨Ù„Ø§,2024-09-22 11:05:00,0
18028061894097858,53246391218,ghoghnoo.ss,â¤ï¸,2024-09-22 10:54:53,0
18046731649958157,4847916627,mhdipsd,ğŸ‘,2024-09-22 10:48:07,0
18020952515208126,3859568516,_.amiresmaili._,â¤ï¸,2024-09-22 10:43:10,0
18052551661858820,44682006889,hoonam.ads,ğŸ”¥,2024-09-22 10:38:07,0
17990838776705693,28613183427,aleismai,ğŸ”¥ğŸ”¥ğŸ”¥,2024-09-22 10:33:31,0
18014569097553974,7397829677,_3raj_,â¤ï¸â¤ï¸,2024-09-22 10:23:19,0
18064996693570770,66329117603,creative.masterr,Ù…Ù…Ù†ÙˆÙ†,2024-09-22 10:04:17,0
18086564695497075,3559557969,im_roohi,ğŸ”¥,2024-09-22 10:01:50,0
18115474477394329,45473544643,atiyara1,ğŸ‘,2024-09-22 09:50:12,0
18121255795377489,4930314624,alizn81,ğŸ”¥ğŸ”¥,2024-09-22 09:44:59,0
18060413875677512,7600382008,peiimanberahmand,â¤ï¸,2024-09-22 09:33:03,0
18022107518594592,6599488445,mehdihamzehi2017,Ø¬ÙˆÙˆÙˆÙˆÙ† Ø¨ Ø³ÛŒØ¨ÛŒÙ„ ğŸ˜‚ğŸ˜˜,2024-09-22 09:31:50,0
18119663182385610,45412496769,sheler_mnd,Ø³Ù„Ø§Ù…,2024-09-22 09:06:23,0
18335349127183725,48481069526,ahrariamir951,Ø¯Ù…Øª Ú¯Ø±Ù…,2024-09-22 09:03:05,0
18040323611483845,50160610966,_.imow,ğŸ˜Ø§ÛŒÙˆÙ„,2024-09-22 08:58:33,0
18056920774824121,54135920036,ali_atmagx,â¤ï¸ğŸ”¥,2024-09-22 08:52:43,0
17894805534064950,63955815627,alituraneditor,Ø¨ÙØ±Ø³Øª,2024-09-22 08:47:29,0
18046862668787168,63955815627,alituraneditor,Ø¯ÙˆØ³Øª,2024-09-22 08:47:14,0
18036016612969017,1096352837,mr.beigiii,Ú©,2024-09-22 08:42:54,0
18139747006349407,6230527742,ali6va5,Ø¯Ù…Øª Ú¯Ø±Ù…,2024-09-22 08:32:32,0
18019330361574566,3686776599,miladazizian_,Ú©Ù…Ù†Ø°Ø°Ø§Ø²Ø°Ù¾Ù†ÙˆØ±Ú˜ÛŒØ§Ú©Ø«,2024-09-22 08:06:21,0
17997528482690016,8978318188,hoseinmosavi7397,ÛŒÙˆ ÛŒÙˆ,2024-09-22 07:56:07,0
18024662456155443,5834718184,rivalcompany5,Ø¯Ù… Ø´Ù…Ø§ Ú¯Ø±Ù…,2024-09-22 07:55:37,0
18051396097726517,52080134559,mnsafavipv,ğŸ¤£ğŸ¤£,2024-09-22 07:46:44,0
18274860646246581,1968233012,armin.dnv,ğŸ‘,2024-09-22 07:43:22,0
18237336961285839,6259576829,alireza.emami.k.1991,â¤ï¸,2024-09-22 07:34:25,0
18006560003453750,15173346003,abolhis8,33,2024-09-22 07:30:27,0
17936942870793788,480553006,capt.saeed,Ø¨ÙØ±Ø³Øª,2024-09-22 07:22:01,0
18038499970923656,65305886563,mohammadmahditamkin,ğŸ‘,2024-09-22 07:14:54,0
17878465557144748,33684227867,official.salehi,â¤ï¸,2024-09-22 07:03:36,0
18040723952027196,2101030640,ali__alyoussef,ğŸ‘ğŸ‘,2024-09-22 07:01:06,0
17991659813705253,43123655903,mahmoud_farahani1986,Salam,2024-09-22 06:59:52,0
18314627470085904,4033895826,fardinakkas,ğŸ‘ğŸ‘ğŸ‘,2024-09-22 06:55:26,0
17952047054835785,10343712010,salehsrg.official,Ù‡Ø±Ú†ÛŒ,2024-09-22 06:47:06,0
18059669734687612,35383323135,javad_saeedi8,ğŸ˜ğŸ˜,2024-09-22 06:44:52,0
18034492631326231,55867112387,abloodyosmani,Ù‡Ø±Ú†ÛŒØ²ÛŒ,2024-09-22 06:41:30,0
18139054705351420,1619184015,mim.315.f,@saman.niknezhad Ú©Ø§Ù†Ø§Ù„ Ú©Ùˆ,2024-09-22 06:39:39,0
18125971840372398,1619184015,mim.315.f,Ø¨ÙØ±Ø³,2024-09-22 06:36:00,0
17858685540250592,32587880742,h_jafari974,ğŸ”¥,2024-09-22 06:34:58,0
17894215275079225,8545540563,___hakimi__,Plugin,2024-09-22 06:21:28,0
17962419284681642,45291518134,s.mhn.h,ğŸ”¥ğŸ‘,2024-09-22 06:21:05,0
17948615846838989,4513052019,hosseinzade_amin,Ø¨Ù†Ø§Ø²Ù…,2024-09-22 06:18:34,0
18061223758728258,4853193749,amiirorang,ğŸ”¥,2024-09-22 06:18:14,0
18021033680208668,2134187904,samanamiri23,@soheyb.salimi Ù†Ø§ Ø®Û•ÚµÚ©ÛŒ Ø´ÙˆÙ…Ø§Ù„Û• Ø¨Û•ÚµØ§Ù… ÙØ´Û•ÛŒ Ù¾ÛØ®Û†Ø´Û• Ø®Ø®Ø®Ø®,2024-09-22 06:16:02,1
17915019821989895,2134187904,samanamiri23,@iqland_ir Ù†Ø§ Ø®Û•ÚµÚ©ÛŒ Ø´ÙˆÙ…Ø§Ù„Û• Ø¨Û•ÚµØ§Ù… ÙØ´Û•ÛŒ Ù¾ÛØ®Û†Ø´Û• Ø®Ø®Ø®Ø®,2024-09-22 06:15:55,0
17868166707199751,7443543798,atila_photo,Ø³Ø§Ù„Ø§Ø± ğŸ˜‚,2024-09-22 06:12:04,0
18097961134456597,8642355688,farbodzaree,ğŸ”¥,2024-09-22 06:03:57,0
18355614025140439,28932839583,mohammadhosein_kord,ğŸ‘,2024-09-22 05:57:36,0
18000176549658202,7364427064,pedramabbasi._,ğŸ”¥ğŸ”¥,2024-09-22 05:57:34,0
18042790592057626,45011308222,mahdi.eslami.bnd,ğŸ”¥,2024-09-22 05:55:12,0
17930168762937218,64955067845,ehsanmadadi201,ğŸ˜,2024-09-22 05:47:41,0
18352861588186750,603620942,alighiami,ğŸ”¥,2024-09-22 05:44:23,0
17875736169093642,8310634272,alireza._.kh3,ğŸ”¥,2024-09-22 05:37:25,0
17941838291887786,647310056,sahandarz,â¤ï¸,2024-09-22 05:21:51,0
18020814422401121,18651133011,amirmontage,Ø¨ÙØ±Ø³Øª,2024-09-22 05:21:05,0
18044770402980680,31755284978,behnam_rivandi,Ø³ÛŒÙ†Ù…Ø§,2024-09-22 04:47:08,0
17979059234755625,45165897254,ldora_beuti9,ğŸ‘,2024-09-22 04:39:29,0
18313246627081913,69600704926,littlesoldier331,Ø§ÛŒÙˆÙ„ğŸ”¥,2024-09-22 04:29:18,0
18051620836853367,1351867170,hadi.hb,ğŸ”¥ğŸ”¥,2024-09-22 04:19:57,0
17874829740096160,1991965951,dr.aliyazdanifard,ğŸŒ¹ğŸ˜Š,2024-09-22 03:53:45,0
18046462915959235,851295553,smirzaee,Ù‡ÙˆÛŒØ¬,2024-09-22 02:44:10,0
18005037374473283,5607582329,farshid_taebi,Ø¨Ù†Ø§Ø²Ù…,2024-09-22 02:41:32,0
17923452884956604,33608497484,mahdihamzehi1382,ğŸ‘,2024-09-22 02:26:59,0
17969829287684447,31053587125,mohamad.haidari_,ğŸ‘,2024-09-22 02:12:50,0
17944025267856163,3440302541,via_amir,ğŸ˜‚,2024-09-22 01:35:51,0
18027516878340258,3440302541,via_amir,Ø¨Ø¯Ù‡,2024-09-22 01:35:27,0
18060359044669726,24313073338,elahe.a1987,â¤ï¸,2024-09-22 01:21:33,0
18036112505174131,17160897256,aminmoqassemi,â¤ï¸,2024-09-22 01:09:44,1
18015563369561068,7970258263,mehran.mehsarak,ğŸ‘ğŸ‘,2024-09-22 00:44:18,1
17992666361531789,15373010190,hamidreza__khaji,Ø§ÛŒÙˆÙ„Ø§ğŸ‘,2024-09-22 00:02:24,1
18014211473620858,6269056272,iamsardarii,Ù‡Ø§,2024-09-21 23:47:41,1
17969827652650196,6993107963,zfri.sdi,GÃ©nial,2024-09-21 23:35:12,1
18138420976348998,2117140777,a__arsin,Ø¨ÙØ±Ø³Øª Ø¨ÛŒØ§Ø¯ ğŸ˜‚,2024-09-21 23:04:27,1
17901644790046266,2117140777,a__arsin,ğŸ”¥ğŸ”¥ğŸ”¥,2024-09-21 23:03:50,1
18038525012123612,34096979331,soheyb.salimi,@samanamiri23 Ø³Ø§Ù…Ø§Ù† Ù†ÛŒÚ© Ù†Ú˜Ø§Ø¯ Ú©ÙˆØ±Ø¯Ù‡ ØŸ,2024-09-21 22:57:35,0
17953307471721980,34096979331,soheyb.salimi,ğŸ˜,2024-09-21 22:56:10,1
18059563168680457,4941676907,iqland_ir,@samanamiri23 Ú©ÙˆØ±Ø¯Û•ØŸ,2024-09-21 22:46:22,0
17879850885075421,66615593152,ali.sh.lar,ğŸŒ¹,2024-09-21 22:00:02,1
18260899228247353,58666014311,mohamadjavadranjkesh8,ğŸ™,2024-09-21 21:35:22,1
18060756580662795,43959637864,nvdaref,ğŸ˜ğŸ˜ğŸ”¥,2024-09-21 21:20:25,1
18029340779074779,13071043490,milade.zare,Ø®ÙˆÙÙ‡,2024-09-21 21:20:24,1
18043011647050964,1906628259,rez_1159,Ø¹Ø§Ù„ÛŒÛŒâ¤ï¸,2024-09-21 21:18:12,1
18114977890400791,53166794072,amirthebigyeti,ğŸ™ŒğŸ˜,2024-09-21 21:12:51,1
18038123894130000,53166794072,amirthebigyeti,ğŸ”¥ğŸ”¥,2024-09-21 21:12:35,1
18057172183782901,45445924185,eslahchi.tech,@saman.niknezhad Ø¹Ø²ÛŒØ²ÛŒğŸ™ğŸŒº,2024-09-21 21:12:32,0
18076261018553545,4607163350,saman.niknezhad,@maryam_zhariznezhad ğŸ˜‚,2024-09-21 21:11:18,0
18019553186247103,4607163350,saman.niknezhad,@_reza.star_ Ù…ÛŒØ´Ù‡ Ø§Ú¯Ù‡ Ø§ÛŒÙ…Ø§Ù† Ø¯Ø§Ø´ØªÙ‡ Ø¨Ø§Ø´ÛŒØ¯ğŸ˜‚,2024-09-21 21:06:47,2
18120679228389284,5748537042,alirezasamadi_,ğŸ”¥,2024-09-21 21:04:40,1
17974607156766715,4607163350,saman.niknezhad,@eslahchi.tech Ù…Ø«Ù„ Ø´Ù…Ø§ Ø´Ø¯Ù… ØªØ§Ø²Ù‡â¤ï¸,2024-09-21 21:03:41,1
18060445411673745,7779514898,ali_farajollahi76,ğŸ˜ğŸ˜,2024-09-21 21:01:29,1
18353590309190920,44124521421,mahyar_tavasooli,Ù‡Ø§ÛŒ,2024-09-21 21:00:43,1
18078038545545720,658168736,atenarahimi,ğŸ”¥,2024-09-21 20:58:15,1
18455606740048150,51904934946,photo_ak_mode,Ø³ØªÙˆÙ†,2024-09-21 20:55:03,1
17931603296924311,65128847391,bookkeyvan,Ø¬ÙˆÙ†,2024-09-21 20:46:50,1
18156172948316899,29570206695,mohsen.shokri.official,Ø¨ÙØ±Ø³Øª,2024-09-21 20:44:58,1
17870082483128069,3031614935,_9o0r,ğŸ˜ğŸ˜,2024-09-21 20:40:51,1
18025607507136515,2300381084,mortezamohamm,â¤ï¸,2024-09-21 20:37:01,1
18462277510018912,1835392972,mohamadfalahatii,Ø¨ÙØ±Ø³Øª,2024-09-21 20:35:19,1
18024793652148374,5606237674,saeidtavakolli,â¤ï¸,2024-09-21 20:21:36,1
18044086871498327,7667318962,salarrahimzadeh2018,ğŸ‘ğŸ”¥,2024-09-21 20:19:51,1
18061101727671938,3317916408,alicuts.film,ğŸ™Œâ¤ï¸,2024-09-21 20:06:41,1
17929276679943582,51904934946,photo_ak_mode,Ø³ØªÙˆÙ†,2024-09-21 20:05:27,1
18073591714565825,1417351895,maziar.afshar,Ø¯Ø³Øª Ø®ÙˆØ´,2024-09-21 20:04:37,1
18060898843676389,57464724966,hosen_aili,Ø¯Ù…Øª Ú¯Ø±Ù…,2024-09-21 19:54:34,1
18032023679205359,5786954781,parniangorjy,â¤ï¸,2024-09-21 19:53:24,1
17924445419958796,44723033458,ali.ramzani.g,ğŸ˜,2024-09-21 19:49:16,1
18453178141052828,8358324652,omid.vhb,Ú©Ø§Ù…Ù†Øª,2024-09-21 19:48:48,1
18010518053372535,550229952,mortezaostadzadeh,Ø¹Ø§Ù„ÛŒ,2024-09-21 19:46:09,1
18041661827298102,1441749255,alishahrakiofficiall,Ø¨ÙØ±Ø³Øª Ø¨Ø±Ø§Ù… Ù…Ù…Ù†ÙˆÙ†Ù… â¤ï¸,2024-09-21 19:40:17,1
17976692306759362,26400963664,ramin_._._khalili,ğŸ¦¦,2024-09-21 19:31:03,1
17936070164916185,60380730201,samaneh.sardari,Ø¬Ø§Ù„Ø¨ Ø¨ÙˆØ¯ğŸ‘,2024-09-21 19:29:36,1
17980735823735645,52674722489,mmd_cj_haji,Ø¨ÙØ±Ø³ğŸ”¥ğŸ”¥,2024-09-21 19:22:23,1
17908031591935256,395401206,farzad.biglari,ğŸ”¥,2024-09-21 19:22:22,1
17946725555850200,19836060948,dan.systemsanalyst,ğŸ”¥ğŸ”¥ğŸ”¥,2024-09-21 19:20:01,1
18054643072674517,44754073830,bahrani7251,Ú†ÛŒ Ø¨Ú¯Ù…ØŸØŸ,2024-09-21 19:11:15,0
18074930308499989,6247488768,amirhosseinpourshaban,Ø³ÛŒÙ†Ù…Ø§,2024-09-21 19:01:34,0
18041271818292589,1560136910,samaneh.masoomy,Ø³Ù„Ø§Ù…. Ù…Ø§ Ù‡Ù… Ù…ÛŒØ®ÙˆØ§ÛŒÙ…ğŸ™Œ,2024-09-21 18:58:50,0
18019547855252001,25540880061,sadeqshamkhali,Ù„ÛŒÙ†Ú©,2024-09-21 18:55:40,0
17918904416882661,1334961632,_aghaye_s.i_,ğŸ”¥â¤ï¸,2024-09-21 18:53:18,0
17910482423917944,5592695059,mohammadreza.j16,.,2024-09-21 18:52:31,0
17882219661103975,59220568180,alivsadr,ğŸ”¥,2024-09-21 18:35:02,0
17979250652754884,3015561646,pouriamaleki___,Ø³ÛŒÙ†Ù…Ø§,2024-09-21 18:34:27,0
18061896994724492,10820565254,mr.alialimi,Ø¨Ø­â€ŒØ¨Ø­,2024-09-21 18:28:06,0
18049027576922018,1565430028,mili.legolas,Ø¨Ù‡â€ŒØ¨Ù‡ ğŸ˜ğŸ˜,2024-09-21 18:19:48,0
18280921561208489,6863503919,ali_jvdi_,ğŸ”¥ğŸ”¥,2024-09-21 18:17:48,0
18079998862472032,2313730386,zeinab._ahmdi,Ø¹Ø§Ù„ÛŒÙ‡,2024-09-21 18:17:10,0
17865953133209402,1342244641,ali_momayezi,Ø¢Ù‚Ø§ Ø³Ø§Ù…Ø§Ù† Ø®ÙˆØ´ Ù‚Ù„Ø¨ â¤ï¸,2024-09-21 18:11:03,0
18017814536278052,52926414880,mani_85sh06,ğŸ”¥ğŸ”¥,2024-09-21 18:10:55,0
18454730989033543,35319857454,zahraalsadathashemi,ğŸ”¥ğŸ™Œ,2024-09-21 18:10:19,0
18101266711395666,40582741398,amiram.art,Ø¨ÙØ±Ø³Øª Ø¨ÙØ±Ø³Øª ğŸ”¥,2024-09-21 18:04:21,0
17843774652303359,3063305521,moosio_es,Ø¨ÙØ±Ø³Øª,2024-09-21 18:01:04,0
17879941764135600,1527586564,nilabiiiii,ğŸ˜,2024-09-21 17:57:52,0
18013846751608794,7411261574,arman_saalehii,ğŸ˜ğŸ˜,2024-09-21 17:51:57,0
18034697507331580,5884240266,ahmadolfatirad,Ø¨Ù‡ØªØ±ÛŒÙ†,2024-09-21 17:51:50,0
18239216227285763,5884240266,ahmadolfatirad,Ø¹Ø´Ù‚,2024-09-21 17:51:29,0
18176197726307703,45066037943,iamarmaniux,Ø¨Ø±Ø§ Ù…Ùˆ Ø¨ÙØ±Ø³Øª Ø¹Ø§Ù…Ùˆ,2024-09-21 17:49:04,0
18056675788643877,1785906190,hamid__kargar,Ø§Ø³ØªØ§Ø¯ÛŒÙ‡ ğŸ˜,2024-09-21 17:47:20,0
18337614970130143,50276580876,sasan.soleymanpour,â¤ï¸,2024-09-21 17:45:39,0
17870556837123000,29606300948,mr.alimansouri,Ø¨ÙØ±Ø³Øª Ø¨ÛŒØ§Ø¯,2024-09-21 17:16:33,0
18024642794149658,8195214397,mani_akz,â¤ï¸â¤ï¸,2024-09-21 17:14:57,0
17851272231282766,7082252243,shahiinbakhtiari,ğŸ”¥,2024-09-21 17:14:26,0
18133103128363560,4561369221,abdolhamid.hosseini,Ø³Ù„Ø§Ù…,2024-09-21 17:07:05,0
17907440673014614,1304944489,alinari_70,â¤ï¸ğŸ‘,2024-09-21 17:05:40,0
18045803221806509,664605699,soltan_67,ğŸ‘ğŸ‘ğŸ‘ğŸ”¥ğŸ”¥ğŸ”¥,2024-09-21 17:01:15,0
17915994173989426,1245475324,hamedcarbon,ğŸ˜,2024-09-21 16:55:45,0
17870113605127827,7713747888,ali.maskann,@saman.niknezhad ğŸ™ŒğŸ˜,2024-09-21 16:52:07,0
18062908348638010,23126746079,mohammaddqasemi,Ù‚Ø±Ù…Ù‡ Ø³Ø¨Ø²ÛŒ,2024-09-21 16:49:46,0
18061951828639561,62561521779,ss.mysh,â¤ï¸,2024-09-21 16:43:23,0
18029837699075264,3522891780,mahyar.3m,ğŸ‘,2024-09-21 16:39:46,0
18045986314802910,1725882790,erfan.gheybi,Ø³ÛŒÙ†Ù…Ø§,2024-09-21 16:38:36,0
18036015923490461,21223214071,radreporter,Ø¯Ù…Øª Ú¯Ø±Ù…,2024-09-21 16:38:20,0
18072603328513743,49309298132,seydmorteza_ahvazi,ğŸ™Œ,2024-09-21 16:38:18,0
18304909381162519,550581291,9khashix,ğŸ”¥,2024-09-21 16:34:21,0
18063485080654505,1312827561,nafis76n,Ø®ÙÙ†ğŸ”¥,2024-09-21 16:30:59,0
18021290570431792,1471750999,chakadm,ğŸ‘,2024-09-21 16:28:18,0
18026300756520230,4607163350,saman.niknezhad,Ø¨Ú†Ù‡ Ù‡Ø§ Ø§Ú¯Ù‡ Ø±Ø¨Ø§Øª Ø¨Ø±Ø§ØªÙˆÙ† Ù„ÛŒÙ†Ú© Ù†ÙØ±Ø³ØªØ§Ø¯ Ø§Ø³ØªÙˆØ±ÛŒ Ø±Ùˆ Ú†Ú© Ú©Ù†ÛŒØ¯ØŒ Ø¨Ø±Ø§ØªÙˆÙ† ØªÙˆ Ú©Ø§Ù†Ø§Ù„ ØªÙ„Ú¯Ø±Ø§Ù…Ù… Ú¯Ø°Ø§Ø´ØªÙ…,2024-09-21 16:20:40,5
17843854917317999,1742185444,mehdipezhvak,ğŸ‘ğŸ‘,2024-09-21 16:19:41,0
17910833063916864,33788935770,_armantari,ğŸ”¥ğŸ”¥,2024-09-21 16:17:44,0
17918606207981042,5585119826,game_covid19,Ø¨ÙØ±Ø³Øª,2024-09-21 16:08:46,0
18279578125211987,48720377666,amir.k.13.85,Ø³ÛŒÙ†Ù…Ø§ .,2024-09-21 16:06:13,0
18368582062101629,57615059283,msha.1401,Ù…Ù…Ù†ÙˆÙ†,2024-09-21 15:59:39,0
18023656004386531,2535624507,arashkermani_music,Ø¨ÛŒØ³Øª,2024-09-21 15:57:36,0
17884410522105316,68431692382,phonix1363,Ø¯Ù…Øª Ú¯Ø±Ù…,2024-09-21 15:44:06,0
18060180958680023,5676666674,yashararzani,ğŸ‘ŒğŸ»ğŸ‘ŒğŸ»,2024-09-21 15:33:49,0
18076454347545425,13276312815,s.a.parhiz,Ú©Ø§Ù…Ù†Øª,2024-09-21 15:32:31,0
17892140538034528,8547479708,mahsaa.369,Ú©Ø§Ù…Ù†Øª,2024-09-21 15:29:45,0
18006033689642544,274067367,pariaqsm,Ù‡Ø±Ú†ÛŒğŸ˜…,2024-09-21 15:24:53,0
18119562934387510,23100663149,hadi_khaniy,â¤ï¸,2024-09-21 15:24:11,0
18077990260531466,3561099034,mana.chef,Ù…Ù…Ù†ÙˆÙ† Ø¨Ø§Ø¨Øª Ø¢Ù…ÙˆØ²Ø´â€ŒÙ‡Ø§ÛŒ Ù…ÙÛŒØ¯ØªÙˆÙ†,2024-09-21 15:19:54,0
18099659827443679,2029534404,amipadi,Ø§ÛŒÙˆÙ„,2024-09-21 15:16:57,0
18037806581484099,47413939616,jonam613,Ø¨ÙØ±Ø³Øª,2024-09-21 15:16:15,0
17877472287149447,1484927774,babakbaghernian,Ú©Ø§Ù…Ù†Øª,2024-09-21 15:06:47,0
18058645063705294,49495854766,png.mahdi,Ø­Ù„Ù‡,2024-09-21 15:06:30,0
18053116396845643,47715065942,kaboy_sirafi,Ù‡ÙˆÙˆÙˆ,2024-09-21 15:06:06,0
18040963694092521,54774717396,p4_shah,Ø¨ÙØ±Ø³Øª,2024-09-21 15:05:33,0
18423579001079535,58672451128,miti.graph,Ø¯Ø³Øª Ø®ÙˆØ´â¤ï¸,2024-09-21 14:58:04,0
18034716097997578,433184273,farzad_ad,ğŸ”¥ğŸ”¥,2024-09-21 14:48:52,0
18022634426429834,48246339658,amirkamyaran1989,ğŸ”¥,2024-09-21 14:40:29,0
18376464955103327,47066613805,saleh_amrollahi,Ø¯Ù…Øª Ú¯Ø±Ù…,2024-09-21 14:38:52,0
18103889908439747,2182387329,kourosh_tavakoli,Ø¨Ù‡ Ø¨Ù‡ğŸ‘ğŸ”¥,2024-09-21 14:34:54,0
18307215916163406,6229106614,rezasharifkazemi,ÛŒØ§Ø§Ù„Ù„Ù‘Ù‡,2024-09-21 14:32:16,0
18116364532364977,3945554807,gangeh80,ğŸ˜ğŸ˜,2024-09-21 14:30:43,0
18466503700024732,1518390292,mohammadmajidi25,Ø®ÙÙ†ğŸ”¥,2024-09-21 14:22:12,0
17955222833824474,7611441801,fari_mahmoodii,Hi,2024-09-21 14:20:58,0
18024311528382034,10003959197,cafebime.chaharbagh,Ø¢Ø´ÛŒÙ„,2024-09-21 14:15:10,0
17852992506275348,2087107362,iman_jafari_hesar,ğŸ”¥ğŸ”¥,2024-09-21 14:12:53,0
18033474149268850,4369281299,nima_tabriznia,ğŸ‘ğŸ»,2024-09-21 14:07:55,0
18031439303211261,3120614955,naaz__banoo,ğŸ‘ğŸ‘ğŸ˜,2024-09-21 14:07:46,0
18039903023479527,1412612164,mohammadreza_jamal.art,ğŸ˜‚,2024-09-21 14:01:03,0
18120143719387607,2576446975,arash__mpr70,ğŸ”¥,2024-09-21 13:59:19,0
18024303335433034,65159866095,m.sobhan.d,Ø¯Ù…Øª Ú¯Ø±Ù… â£ï¸,2024-09-21 13:56:22,0
18337843681125753,939697351,meysam.811,Ø¨ÙØ±Ø³Øª Ú©Ø§,2024-09-21 13:55:04,0
17933525042806614,4512086966,_amirhashempour,ğŸ‘ğŸ”¥,2024-09-21 13:53:56,0
18057281938756820,10983627688,mosttafa_.h,ğŸ”¥,2024-09-21 13:53:52,0
17892810939011223,3864267727,erfannsy,â¤ï¸,2024-09-21 13:52:21,0
17940063758872681,49636145921,colorlessmoments,R,2024-09-21 13:50:22,0
18050389369899069,1289953619,payam_jamali,â¤ï¸,2024-09-21 13:49:43,0
18055586575795065,5365229331,farangisdehghani._,Ù„ÛŒÙ†Ú©,2024-09-21 13:46:48,0
18031712381243816,55822393772,thisis_fredi,ğŸ”¥,2024-09-21 13:44:52,0
17931692717926086,1013651436,navid_rz_,ğŸ‘ŒğŸ»,2024-09-21 13:43:42,0
18023620847171991,46233712525,mohammadrez.official,Ø³Ù„Ø§Ù…,2024-09-21 13:40:24,0
17866169097210843,54419005732,photovetr,Ú©Ø§Ù…Ù†Øª,2024-09-21 13:35:36,0
18086265484451355,32825457818,saeed_ranjbarann,ğŸ”¥â¤ï¸,2024-09-21 13:29:50,0
17940386438777785,49362540175,iman_salehi81,Ø§ÛŒÙˆÙ„,2024-09-21 13:26:26,0
17991216710549997,13541272615,mehdiazizi_real,Ù„ÛŒÙ†Ú©,2024-09-21 13:25:52,0
18073291060559678,1818134477,payman_mo369,ğŸ‘,2024-09-21 13:20:23,0
18045855784811611,3014469637,hiradmusic.artist,ğŸ”¥ğŸ‘ğŸ‘,2024-09-21 13:15:53,0
18023426714162896,13238764808,hossein.dangchi,Ú©Ø§Ù…Ù†Øª,2024-09-21 13:14:36,0
18031843667212909,2036637130,mohsentarbiatdoost.lifestyle,Ø®Ø¯Ø§ Ù‚ÙˆØªğŸŒ¹,2024-09-21 13:14:29,0
18023292164166611,6777535444,pooriiamdige,â¤ï¸,2024-09-21 13:09:26,0
18248578462256107,44196116735,_.mohamad676._,ÙÙ‚Ø· Ú©Ù¾ Ú©Ø§ØªğŸ¤¡ğŸ˜‚,2024-09-21 13:05:11,0
18116555239400996,10722160007,hamiidnzo,Ù„Ø§ÛŒÚ© Ù…Ø§ÛŒÚ©,2024-09-21 13:00:47,0
18106384858425117,2839461005,hamid_hd84,Damet garmğŸ‘ğŸ»,2024-09-21 12:58:33,0
18367220806106058,48626460766,samaelleo,Ø¬ÙˆÙ†,2024-09-21 12:56:28,0
18059426275741889,867040353,ali.dadgar1,ğŸ‘ŒğŸ‘,2024-09-21 12:50:53,0
17909185959001753,1443888966,fznbayat,Ú©Ø§Ù…Ù†Øª,2024-09-21 12:48:10,0
18039602717490778,1693212073,naeemfar,ğŸ‘ğŸ»,2024-09-21 12:45:23,0
18082057576509074,4607163350,saman.niknezhad,@nickrooz Ú†Ú© Ù†Ú©Ø±Ø¯Ù…,2024-09-21 12:41:37,1
18042502780858543,68486374199,aeyedyasin,Ù†ÛŒÚ¯Ø§Ù„Ù¾,2024-09-21 12:41:28,0
18021210008200595,23104220673,f.adib.edit,Ø¹Ø§Ù„ÛŒÙ‡,2024-09-21 12:38:26,0
17981896001603958,1783076762,milad_shamshirgarzade,Ø¨ÙØ±Ø³Øª,2024-09-21 12:37:27,0
18303587593161494,4607163350,saman.niknezhad,@ali.maskann Ø¨Ù‡ Ø¨Ù‡ Ù…Ø³Ú©Ù† Ø¬Ø§Ù†â¤ï¸,2024-09-21 12:36:10,1
17963860937676419,4607163350,saman.niknezhad,@pedramshahrabadi ÙØ±Ø³ØªØ§Ø¯Ù… Ú©Ù‡,2024-09-21 12:34:20,0
18252478267252803,4633354763,shafi.anvari.art,Ú©Ùˆ Ù¾Ø³,2024-09-21 12:33:36,0
17946000440755007,9614255861,arash_fahham,Ø³Ù„Ø·Ø§Ù† Ø¨Ø±Ø§ Ù…Ø§Ù… Ø¨ÙØ±Ø³Øª ğŸ˜¢ğŸ˜â¤ï¸,2024-09-21 12:27:16,0
17894360421077499,53500374325,mahdivfx_,Ú©Ø§Ù…Ù†Øª,2024-09-21 12:26:51,0
17876981019086352,2131526693,jalal_ebrr,Ø¨ÙØ±Ø³Øª,2024-09-21 12:19:03,0
18282225514231362,45863079777,mhyrmb.pv,Ù‡Ø±Ú†ÛŒ,2024-09-21 12:18:25,0
18061686691656096,5693307329,mohammad_nm_music,Ø³Ø§Ù…Ø§Ù† Ù…Ø­Ø¨ÙˆØ¨ Ø¯Ù„Ù‡Ø§ğŸ”¥ğŸ”¥,2024-09-21 12:17:19,0
18115384102400118,7964946782,afsharrokhfarnaz,ğŸ˜‚,2024-09-21 12:16:58,0
17919330416979310,7999440723,parsa_4life,Ø§Ø³ØªØ§Ø¯ Ø¯ÙˆØ³Øª Ø¯Ø§Ø±ÛŒÙ…,2024-09-21 12:13:44,0
18242364955286785,30110785699,amin.k315,ğŸ˜‚ğŸ˜‚,2024-09-21 12:12:34,0
18045072451966176,42408835840,khude__matin,ğŸ˜,2024-09-21 12:10:11,0
17922177080968622,48923427406,mgjbbj,Û¹,2024-09-21 12:09:59,0
18031363436258397,59205780070,lila.eleven11,ğŸ”¥ğŸ”¥,2024-09-21 12:09:03,0
18119349967389831,1530179301,amjadiamin,ğŸ‘ğŸ‘,2024-09-21 12:07:56,0
18028324544096616,2190747042,72arefroohi,Ú©Ø§Ù…Ù†Øª,2024-09-21 12:07:18,0
18055891570747823,23142755544,begooshakoor,1,2024-09-21 12:06:46,0
18332549149177904,7922229477,_.mrym_x,ğŸ‘€ğŸ‘€,2024-09-21 12:05:55,0
18016747262304351,1761688062,hosseinsaliminik,Ú†ÛŒØ²,2024-09-21 12:03:07,0
17977607732755979,23177265749,abbaskarami884,Ù¾Ù„Ø§Ú¯ÛŒÙ†,2024-09-21 12:00:42,0
18020311637240391,2001341932,atiyeh_aram,Ù‡Ø± Ú†ÛŒ Ø¯ÙˆØ³Øª Ø¯Ø§Ø±Ù…ğŸ˜‚,2024-09-21 12:00:31,0
17894659788074806,3444383159,saeedseda,Ø¯Ø±ÙˆØ¯,2024-09-21 11:55:13,0
18365036770105949,11593837038,logovanc1,Ø¨Ø§Ø¨Ù„Ø³Ø±ğŸ˜ğŸ”¥,2024-09-21 11:48:19,0
18367979869109022,8958644531,mahdi.t.b.82,Ø§Ø³ØªØ§Ø¯,2024-09-21 11:47:52,0
17970528305645690,67269532891,parsa_khebri.pv,â¤ï¸,2024-09-21 11:43:45,0
17843970135317735,3938990919,s.mohammad.shojaei,Ù„ÛŒÙ†Ú©,2024-09-21 11:43:03,0
18200277151295731,54209883992,alirezasang,ğŸ˜˜,2024-09-21 11:41:32,0
18056422054796710,1160311505,alireza.nrz.98,ğŸ‘Œ,2024-09-21 11:39:50,0
17901949763960786,3998601285,mosayeb_mazaheri,Ø¨ÙØ±Ø³Øª,2024-09-21 11:39:08,0
17917826522976109,15545361084,ariahassani1,â¤ï¸ğŸ”¥,2024-09-21 11:37:17,1
17932233299810003,1016097920,raymandshop,ğŸ˜‚,2024-09-21 11:36:45,0
18028783628359097,54178969307,matiin.87,ğŸ™ŒğŸ»ğŸ™ŒğŸ»ğŸ™ŒğŸ»,2024-09-21 11:36:40,0
18126791047372850,3030944585,kiiaan.66,ğŸ”¥ğŸ”¥,2024-09-21 11:33:43,0
17985994505722222,58489883641,h.hoseinkarimi,Ø¹Ø´Ù‚ÛŒ Ø³Ù„Ø·Ø§Ù†,2024-09-21 11:32:40,0
18032407559208394,41321479524,pouya_khosravi_80,ğŸ™‚ğŸ™‚,2024-09-21 11:31:03,0
18021056417219657,47531955811,arminchalik_,ğŸ”¥Ø¨ÙØ±Ø³,2024-09-21 11:29:26,0
17879545218114230,4607163350,saman.niknezhad,@polyglot_mehdi Ù…Ù† Ù†Ù…ÛŒØ¯ÙˆÙ†Ù… Ø´Ù…Ø§ Ø¯Ù†Ø¨Ø§Ù„ Ú†ÛŒ Ù…ÛŒÚ¯Ø±Ø¯ÛŒØ¯ ÙˆÙ„ÛŒ Ø§Ú¯Ù‡ Ø¯Ù†Ø¨Ø§Ù„ ÛŒØ§Ø¯Ú¯ÛŒØ±ÛŒ Ù‡Ø³ØªÛŒØ¯ØŒ Ø¨Ù‡ Ù‡Ù…ÛŒÙ† Ø¢Ù…ÙˆØ²Ø´Ø§ÛŒÛŒ Ú©Ù‡ ØªÙˆ Ù¾ÛŒØ¬ Ù‡Ø³Øª Ø§Ú¯Ø± Ø¯Ù‚Øª Ú©Ù†ÛŒØ¯ Ø§Ø² Ø´Ø±ÙˆØ¹ ØªØ§ Ù¾Ø§ÛŒØ§Ù†Ø´ Ù†Ú©Ø§Øª Ø¢Ù…ÙˆØ²Ø´ÛŒ Ù‡Ø³ØªØ´ØŒ Ø§Ø² Ø³Ù†Ø§Ø±ÛŒÙˆ Ú©Ø§Ø± ØªØ§ Ø¶Ø¨Ø· ØµØ¯Ø§ Ùˆ Ø§Ù†ØªØ®Ø§Ø¨ Ù…ÙˆØ³ÛŒÙ‚ÛŒØŒ Ø³Ø§Ù†Ø¯ Ø§ÙÚ©ØªØŒ Ù†ÙˆØ¹ Ú©Ø§Øª Ù‡Ø§ØŒ Ù†ÙˆØ´ØªÙ‡ Ù‡Ø§ Ø§ØµÙ„Ø§Ø­ Ø±Ù†Ú¯ Ùˆ Ùˆ Ùˆ Ùˆ Ø§Ú¯Ø± Ù‡Ø¯Ù ÛŒØ§Ø¯Ú¯ÛŒØ±ÛŒÙ‡ØŒ ØªÙˆ ØªÚ© ØªÚ© Ø¢Ù…ÙˆØ²Ø´Ù‡Ø§ÛŒÛŒ Ú©Ù‡ Ø§ÛŒÙ†Ø¬Ø§ Ù‡Ø³Øª Ù†Ú©Ø§Øª Ø¬Ø°Ø§Ø¨ÛŒ Ù…ÛŒØªÙˆÙ†ÛŒØ¯ Ù¾ÛŒØ¯Ø§ Ú©Ù†ÛŒØ¯,2024-09-21 11:29:01,1
18024917999377825,4280949447,mohammadbehmanesh1379_,GG,2024-09-21 11:27:52,0
17890707939069379,4607163350,saman.niknezhad,@ghasemi.ramtin Ø§ÙˆÙ† Ø´Ø§ØªğŸ˜‚,2024-09-21 11:26:30,1
18042695185855213,1548299754,mohsen.ghounoodee,Ø§ÙˆÚ©ÛŒ,2024-09-21 11:25:33,0
18019207223261989,2314907138,alireza_annsari,ğŸ‘,2024-09-21 11:25:33,0
18049706779907818,40178788401,the_amirad,ğŸ”¥,2024-09-21 11:24:45,0
18045704548813149,4607163350,saman.niknezhad,@vahid.sheykh.hadi ğŸŒ·,2024-09-21 11:24:42,0
17899297470056951,6702827112,flora__zmi_,â¤ï¸,2024-09-21 11:24:40,0
17938950374905844,3942841943,mr.mohammad.027,â¤ï¸,2024-09-21 11:22:00,0
18458644894031036,24270110938,havinlogo,Ø§Ù„Ùˆ Ù¾Ù¾,2024-09-21 11:20:34,0
18010723895632972,4607163350,saman.niknezhad,@pariya_retouch ğŸ˜‚,2024-09-21 11:17:22,0
18101698327436602,12147965965,__karo.m__,ğŸ˜®ğŸ˜®ğŸ‘ğŸ‘,2024-09-21 11:16:50,0
18102938677440377,5902100012,r.u.barzan1,ğŸ”¥ğŸ”¥ğŸ”¥,2024-09-21 11:16:19,0
18081599581516214,4607163350,saman.niknezhad,@negin.mobasherii Ù†Ù‡,2024-09-21 11:16:16,0
18115490068400952,61380018462,amirm_ohamad10032,Good,2024-09-21 11:15:48,0
18033522224187393,1713318087,piisadd,ğŸ”¥,2024-09-21 11:09:05,0
18046829659790924,45042865473,pooya.hp70,ğŸ”¥ğŸ”¥,2024-09-21 11:07:10,0
18151028395324582,45445924185,eslahchi.tech,Ø¹Ø§Ù„ÛŒ Ù‡Ø³ØªÛŒ Ø§Ø³ØªØ§Ø¯,2024-09-21 11:06:44,1
17858220642200403,1612656721,abadanmajid,4,2024-09-21 11:06:22,0
17882335638104171,1278859909,javadhosseinzadeh_,â¤ï¸,2024-09-21 11:03:38,0
18297577042204385,10973104512,enjilesalamati,Ù‡Ø§ÛŒ,2024-09-21 11:03:32,0
17920914890966776,4697729058,dunnielow,ğŸ˜,2024-09-21 11:03:11,0
18034974362473104,2359399602,alireza.bp_,Ø¨Ù‡ Ø¨Ù‡,2024-09-21 11:01:41,0
18276611533173486,31569109707,mo.ahmadi_arc,â¤ï¸â¤ï¸,2024-09-21 11:01:26,0
18037630625109880,1516808020,neginmazahery_,ğŸ˜ğŸ˜ğŸ˜,2024-09-21 10:58:43,1
18005182472478027,21897408569,aghil_hajali,Ù…ÙˆÙÙ‚ Ø¨Ø§Ø´ÛŒØ¯,2024-09-21 10:58:31,0
18075922057555360,2231000526,kasratrexx,ğŸ‘â¤ï¸,2024-09-21 10:54:13,0
17965837004667053,3087353785,_.ghazal.rowshan,ğŸ‘ğŸ‘,2024-09-21 10:51:47,0
18007959023405866,65486177256,datahchinvad,ğŸ˜ğŸŒ»ğŸŒŸ,2024-09-21 10:44:35,0
18014587319626207,10272059824,mohamadshahabiy,Ø¯Ù…Øª Ú¯Ø±Ù…,2024-09-21 10:44:11,0
18304126465165161,39158756015,rasoolkazemirizi,ğŸ˜‚ğŸ˜‚,2024-09-21 10:41:56,0
18050536834921065,21929811447,sajjad.ahouee,Ø¹Ø¬Ø¨,2024-09-21 10:41:54,0
18036827723276657,49133844000,business_online.mohammadii,Ø¨Ø±ÙØ±Ø³ØªØªØªØª,2024-09-21 10:41:30,0
18338700094123054,5739629004,real.amirho3in,Ø¹Ø§Ù„ÛŒğŸ”¥,2024-09-21 10:41:02,0
18325255744150393,1198765855,dr_hsp,ğŸ‘,2024-09-21 10:32:15,0
17869424157193866,6686557344,aly_rezaee_78,Jon,2024-09-21 10:30:23,0
18051389398854854,4561369221,abdolhamid.hosseini,Ù¾Ø±ÛŒÙ…ÛŒØ±ğŸ˜,2024-09-21 10:30:22,0
17969873084648422,1641694267,armin.haghshenas,ğŸ”¥â¤ï¸,2024-09-21 10:30:16,0
18004638254646324,15958262185,najjarmasoud,Ø§ØµØ§ Ø¹Ù…Ùˆ Ø³Ø§Ù…Ø§Ù†â¤ï¸ğŸ”¥,2024-09-21 10:30:05,0
18009910673633011,22975402291,omid_shabani1999,Ù…Ù…Ù†ÙˆÙ† Ù…ÛŒØ´Ù…ğŸ˜,2024-09-21 10:29:43,0
17849779884261168,3984929341,ali_riyazi_653,Ú©Ø§Ù…Ù†Øª,2024-09-21 10:26:52,0
17881421445130295,1714516282,zibabaft_leyla,Ú©Ù¾ Ú©Ø§Øª,2024-09-21 10:24:14,0
17933245190798224,11042758011,m_amin_didar,â¤ï¸,2024-09-21 10:24:08,0
17884042770101362,61061640518,hamidreza_shahpasandi,ğŸ˜ğŸ˜,2024-09-21 10:23:42,0
18067896046559124,2308068922,mehdihamrahii,ğŸ˜ˆ,2024-09-21 10:21:07,0
17943922355852531,6933403062,hamedabdoli1,ğŸ”¥,2024-09-21 10:20:34,0
18253354705251797,4607163350,saman.niknezhad,@emankh480 Ù…Ú¯Ù‡ Ø¯Ø³Øª Ø®ÙˆØ¯ØªÙˆÙ†Ù‡ØŒ Ø¯ÛŒÚ¯Ù‡ Ú©Ø§Ù…Ù†Øª Ú¯Ø°Ø§Ø´ØªÛŒ Ø¨Ø§ÛŒØ¯ ÙØ§Ù„Ùˆ Ú©Ù†ÛŒÙ† ØªØ§Ø²Ù‡ Ù„ÛŒÙ†Ú©Ù… Ø¨Ø±Ø§ØªÙˆÙ† Ø¯Ø§ÛŒØ±Ú©Øª Ø´Ø¯Ù‡ğŸ˜‚,2024-09-21 10:18:50,7
17870641317123155,4607163350,saman.niknezhad,@behi.hsh Ø¨Ù„Ø§Ú©ğŸ˜‚,2024-09-21 10:17:51,3
17878776735140410,4307749972,amir__pourmand,Ø¹Ù‡ Ù‡Ùˆ,2024-09-21 10:17:19,0
17965705682667838,8268507809,reza.o.mohammadi431,ğŸ˜,2024-09-21 10:17:15,0
18067804501533978,23455408317,alirezzza.2,ğŸ”¥ğŸ”¥,2024-09-21 10:17:11,0
17955207275818943,4607163350,saman.niknezhad,@amirnajafi.pro Ù†Ú¯Ø´ØªÙ… Ø­Ù‚ÛŒÙ‚ØªØ§,2024-09-21 10:16:46,0
17850989256289159,4607163350,saman.niknezhad,@mohammadreza199898 ğŸ™ğŸ»ğŸŒ·,2024-09-21 10:15:52,0
17909608887001610,48381659884,hana_ghazal_baran,ğŸ˜‚ğŸ˜‚ğŸ‘ğŸ‘,2024-09-21 10:15:26,0
17900485233048694,4315959366,soroush_abedzade.photography,ğŸ˜ğŸ”¥,2024-09-21 10:15:03,0
18037934959897377,50352117637,1amirmalekii1,â¤ï¸,2024-09-21 10:14:22,0
18069587350595838,23400975160,zhoobin_wp,Ø§ÛŒÙˆÙ„Ø§ğŸ”¥,2024-09-21 10:14:18,0
18038829488319133,1524767817,vahidtusi,Ù‡Ø±Ú†ÛŒØ²ÛŒğŸ˜,2024-09-21 10:13:10,0
17852646693278569,18192748438,arash.sheibak,Ø§ÛŒÙ†Ø´Ø§ØªğŸ˜‚,2024-09-21 10:12:11,0
18021049367230058,48517028974,mujimun.photo,Ø¬Ø§Ù†Ø§Ù†,2024-09-21 10:12:10,0
18012010691360045,3110967170,arsham.ommi,ğŸ”¥ğŸ”¥ğŸ”¥ğŸ”¥ğŸ”¥,2024-09-21 10:11:57,0
17995720307694028,7934801502,ossmahan,ğŸ”¥,2024-09-21 10:10:59,0
18033611258260905,39847778512,salehi.nima1,ğŸ‘ğŸ‘,2024-09-21 10:08:06,0
18312901774095122,11058856201,amir_manuo,â¤ï¸,2024-09-21 10:07:56,0
18057302329696471,1793054793,sama_saei,ğŸ‘ŒğŸ»ğŸ‘ŒğŸ»ğŸ‘ŒğŸ»,2024-09-21 10:07:11,0
18368797876103378,4139988299,00zeinab_abb,ğŸ˜ğŸ˜,2024-09-21 10:06:38,0
17980560557735841,8506773769,kaxzos,âœ…,2024-09-21 10:06:37,1
18024115904378194,62515932540,sajjadpoorkhalili,â¤ï¸,2024-09-21 10:06:26,0
18054617608681308,43075946782,ali.therover,Ø¨Ù‡ Ø¨Ù‡ğŸ”¥,2024-09-21 10:06:09,0
18035084603323167,44719777052,mahditavakoli47,ğŸ”¥,2024-09-21 10:06:07,0
17880466284135298,7055956694,po_____________ya,Ø§ÙˆÚ©ÛŒ,2024-09-21 10:05:57,0
18053056765701537,45457697897,neshat_haghighi,ğŸ˜,2024-09-21 10:05:52,0
18313381450095318,33997595510,behzad___.elahi,ğŸ™Œ,2024-09-21 10:04:16,0
18025371749137316,6051184424,sadegh.katanbaf,â¤ï¸,2024-09-21 10:02:03,0
18092318407478403,2035631104,esmail.tamimy,â¤ï¸,2024-09-21 10:01:50,0
17932862636923936,7209010643,reza_zeitouni277,Ø®ÙÙ†ğŸ˜ğŸ”¥,2024-09-21 09:59:37,0
18011148074347753,9608132769,rezarafiee.photo,ğŸ˜â¤ï¸,2024-09-21 09:59:01,0
18037867244487784,2126825456,m.amin.hy,ÛŒÙˆÙ‡Ø§Ù‡Ø§Ù‡Ø§,2024-09-21 09:58:55,0
18262717915247213,4876410334,erfan.xaz,ğŸ”¥ğŸ”¥,2024-09-21 09:57:10,0
18022088882420403,2371220025,faranak.latif,Ø¹Ø§Ù„ÛŒğŸ”¥,2024-09-21 09:56:40,0
18042168077059045,47973535826,sarina760hkg,Ù„ÙŠÙ†ÙƒØ´ Ùˆ Ù…ÙŠÙØ±Ø³ØªÙŠÙ†,2024-09-21 09:56:26,0
18052546942870117,549643335,adelmastani,â¤ï¸,2024-09-21 09:55:21,0
17927031791948853,1281174638,khashayarmovahedi,Agha nemiad link,2024-09-21 09:54:43,0
18086795746494080,3626074671,hasan_khaniiii,ğŸ‘,2024-09-21 09:53:53,0
18324100948152817,44354525683,design.bis,Ø´ÛŒÛŒÛŒÛŒÛŒØ´ÙˆÙ¾,2024-09-21 09:53:30,0
18014102195617511,238904904,mohammadreza_allahyari82,Ø³Ù„Ø§Ù…,2024-09-21 09:52:44,0
18057082189646071,48879941691,ami.rreza1999,ğŸ”¥,2024-09-21 09:52:13,0
18100487977451763,2123325548,hamedbordbar1,Ø´Ø§Ù‡Ú©Ø§Ø±,2024-09-21 09:52:00,0
18043214720070398,29385344552,_evan_118,ğŸ”¥,2024-09-21 09:51:33,0
17854473957268637,1281174638,khashayarmovahedi,ğŸ”¥ğŸ™Œ,2024-09-21 09:50:40,0
17922470051859178,45311255685,photo_fardad,ğŸ˜ğŸ˜,2024-09-21 09:50:32,0
17978623493742696,49647313461,876asih_ra8877,Ø¨Ù‡ Ø¨Ù‡,2024-09-21 09:50:03,0
18037808030146958,49647313461,876asih_ra8877,ğŸ”¥,2024-09-21 09:49:35,0
17987721962709659,2319216875,mhsa_.k81,ğŸ˜,2024-09-21 09:49:30,0
18032006180224732,4860860358,mowriyous,â¤ï¸ğŸ”¥,2024-09-21 09:48:44,0
18023527175166161,42118688637,mr.banana012,Ù‡Ø±Ú†ÛŒØ²ÛŒ,2024-09-21 09:48:14,0
18097014229458143,31526015668,m_r112213,ğŸ”¥,2024-09-21 09:48:11,0
18456550339052169,5999635219,aliahmadi_photo,Ø¨Ù†Ø§Ø²Ù…,2024-09-21 09:47:19,0
17992367738695286,52944126633,hessamusic,Ø¹Ø¨Ø§Ø³ Ù…Ø¹ØµÙˆÙ…ÛŒ,2024-09-21 09:46:49,0
18110351821414156,7781119398,somy.maleki,Ù„ÛŒÙ†Ú©,2024-09-21 09:45:13,0
18061811356710239,18063005276,alizng_78,Ú©Ø§Ù…Ù†Øª,2024-09-21 09:45:07,0
18040889995894394,1059576619,bhnmabpr,Ø¯Ø³â€ŒØ®ÙˆØ´ ğŸ”¥,2024-09-21 09:45:01,0
18008851364385595,44292793864,ftm.qolami7,Ø¨ÙØ±Ø³ğŸ˜‰,2024-09-21 09:44:24,0
18324886708194805,8358999986,itssbashar,Ø¨Ù†Ø§Ø²Ù… Ø³Ø§Ù…Ø§Ù† ğŸ¤ŒğŸ¼âœ¨ï¸,2024-09-21 09:41:28,0
18127536964373815,64447333427,farham_graphics,ğŸ”¥,2024-09-21 09:40:51,0
17852447541245590,6809784728,sina_jahaani,ğŸ¥¹ğŸ¥¹,2024-09-21 09:40:50,0
18026692100109467,5417369461,zekrullah.usmani,ğŸ”¥ğŸ˜,2024-09-21 09:40:26,0
17896139025066578,41134225307,amin__21,ğŸ‘,2024-09-21 09:39:46,0
18010626002354403,49176984966,sqsina,Ø¨,2024-09-21 09:39:17,0
17967872279654470,1478244108,hosseinof,Ø¨ÙØ±Ø³Øª,2024-09-21 09:38:02,0
18044055809008208,34105815779,mahdipour__ahmad,ğŸ‘,2024-09-21 09:37:25,0
18035779037153403,26675076716,sina_shamaei,ğŸ˜ğŸ˜ğŸ˜,2024-09-21 09:36:43,0
18043557157985127,58208660291,tiyara__srj,ğŸ”¥ğŸ”¥,2024-09-21 09:36:32,0
18017074445291993,7100787244,iam_shadivv,ğŸ˜,2024-09-21 09:36:22,0
18038625980477118,1471633397,javad_ebra,ğŸ”¥,2024-09-21 09:36:13,0
17900974190963407,3182967083,ali_rajabi_1380,Ú† Ø¬Ø§Ù„Ø¨,2024-09-21 09:35:55,0
18003957500487128,56143928017,alireza.omrani.pv,ğŸ˜‚ğŸ˜‚,2024-09-21 09:35:25,0
18006593678442870,1556444142,ali_ez8,Nice,2024-09-21 09:34:32,0
18020751941449050,342320949,sepehrsaraeian,ğŸ™ŒğŸ¼,2024-09-21 09:34:15,0
18064426399716578,50908365623,sina.i8708,Ø³Ù„Ø§Ù…,2024-09-21 09:34:13,0
18010003649637037,57013712134,amirrdf.studiio,Ø¨Ù‡ Ø¨Ù‡,2024-09-21 09:33:56,0
17993949350694897,45986380634,djsirvan.clipart,Ø¢Ù‚Ø§ÛŒÛŒ ğŸ™ğŸ»,2024-09-21 09:33:29,0
18420287941076980,3239731668,alireza.vili,Ø³Ø§Ù…Ø§Ù† ğŸ˜,2024-09-21 09:30:48,0
17976701537626317,7569840308,ebadhastam,Ù‡Ø±Ú†ÛŒğŸ˜‚,2024-09-21 09:30:45,0
18057576946744999,44544101366,mdi_sogang,ğŸ˜,2024-09-21 09:30:36,0
18026764826520786,48260544239,artter_vibes,Ø¹Ø§Ù„ÛŒ Ø¨ÙˆØ¯,2024-09-21 09:29:53,0
18041700767052935,21625241868,bahrami_photograph,Ø®ÙˆØ¨Û•,2024-09-21 09:28:53,0
18042401401989031,5532469695,ramin_shamshirii,Ø¹Ø§Ù„ÛŒ Ø¨ÙˆØ¯,2024-09-21 09:28:41,0
18036044647967762,2293591480,mostafa.alizayi,ğŸ”¥ğŸ”¥,2024-09-21 09:28:33,0
18046755124942041,4013392959,pedramshahrabadi,@saman.niknezhad Ø¨Ø±Ø§ Ù…Ø§ Ù„ÛŒÙ†Ú© Ù†Ù…ÛŒÙØ±Ø³ØªÛŒØŸ Ø¯ÙˆØ³ØªÙ… Ù†Ø¯Ø§Ø±ÛŒğŸ˜¢,2024-09-21 09:28:09,0
17916170090990081,49288594259,sajjadporrajabi,ğŸ˜ğŸ˜ğŸ˜,2024-09-21 09:26:51,0
17852478363279373,3636806685,jr_mehrab,ğŸ”¥,2024-09-21 09:26:47,0
18037684349132714,4607163350,saman.niknezhad,@poudiguitar Ù¾Ø³ Ø¨Ø°Ø§Ø± Ø®Ø±Ù…Ø§ Ùˆ Ù…ÙˆÛŒØ²Ù… Ø¨Ú¯ÛŒØ±Ù… Ø³Ø± Ø±Ø§Ù‡,2024-09-21 09:26:20,0
18139451026310019,31496061136,amirowner1,Ø³ÛŒÙ†Ù…Ø§,2024-09-21 09:25:39,0
18030611756201225,4607163350,saman.niknezhad,@pedramshahrabadi Ù†Ø§Ø²ÛŒ Ø¢Ø¨Ø§Ø¯ğŸ˜,2024-09-21 09:24:49,1
18116470702401794,2067886320,dibababaei,ğŸ‘ğŸ˜,2024-09-21 09:23:50,0
18100573171446196,2032306274,_.alisiah,ğŸ”¥ğŸ”¥,2024-09-21 09:23:31,0
18032726816221320,5518287065,f_pooreskandarian,ğŸ‘,2024-09-21 09:23:21,0
17904422316035586,27304598855,fatima_amini69,ğŸ”¥,2024-09-21 09:23:03,0
17980004363741199,63211191658,editmahdii,Ø§ÛŒÙ†Ø´Ø§ØªğŸ˜‚,2024-09-21 09:22:34,0
17897026185063504,59164419763,academyarah,Ø®ÛŒÙ„ÛŒ Ø¹Ø§Ù„ÛŒÙ‡ğŸ˜â¤ï¸,2024-09-21 09:22:21,0
18048804598924851,503406222,alii___zamanii,ğŸ‘ğŸ‘,2024-09-21 09:21:43,0
18021284231417103,8182241576,m._.gh313,ğŸ”¥,2024-09-21 09:20:22,0
18047635570770784,3581933438,mehrdad.arbab,ğŸ‘ŒğŸ»,2024-09-21 09:20:15,0
18016946687290227,1301498737,morteza.sadeq,ğŸ”¥,2024-09-21 09:19:16,0
17915957063989380,60916873482,s2b.ir,Ø¨ÙØ±Ø³,2024-09-21 09:18:56,0
17846569635301063,658536765,shayan71zd,âœ¨ï¸ğŸ’ğŸ‘ŒğŸ»ğŸ¤©,2024-09-21 09:17:35,0
18028410005095740,4013392959,pedramshahrabadi,Ø¨Ù†Ø§Ø²Ù…â¤ï¸,2024-09-21 09:17:00,1
18057131818698427,2134187904,samanamiri23,Ú©Ø§Ú© Ø³Ø§Ù…Ø§Ù† Ú¯ÛŒØ§Ù† Ú•ÛØ²Øª Ù‡Û•ÛŒÛ• Ùˆ Ø®Û†Ø´Ù…Ø§Ù† Ø¯Û•ÙˆÛÛŒ ğŸ”¥,2024-09-21 09:16:57,1
17948398820745314,1302224965,_amirreza.rahimi,S,2024-09-21 09:15:20,0
18037962001939526,1641586954,mina_shateri,Ù„ÛŒÙ†Ú© Ù„Ø·ÙØ§,2024-09-21 09:15:13,0
18040700279283544,1368594957,cfnk.249,ğŸ”¥,2024-09-21 09:15:12,0
17850864651289619,2265208721,pouyatakhti,Ø¨Ù‡ Ø¨Ù‡,2024-09-21 09:14:59,0
17950712066834186,1517572104,mr__ehsan89,ğŸ‘ğŸ‘ğŸ‘,2024-09-21 09:14:52,0
17984705840721095,44796786630,abolfazltatar80,ğŸ‘,2024-09-21 09:14:51,0
17929303556937151,1393373895,majidalizade_,Ù‡Ø± Ú†ÛŒâ¤ï¸,2024-09-21 09:14:47,0
18063953938648692,934759425,poudiguitar,@saman.niknezhad ØªØ§ Ø¨Ø±Ø³ÛŒ Ù…Ù† Ú†Ø§ÛŒÛŒ Ø±Ùˆ Ú¯Ø°Ø§Ø´ØªÙ… Ù¾Ø³ ğŸ˜‚ğŸ¤˜ğŸ»ğŸ”¥,2024-09-21 09:13:55,1
18370972225099853,1449328137,alh_em,Ø¨ÙØ±Ø³Øª,2024-09-21 09:13:35,0
18059771680666669,4607163350,saman.niknezhad,@ali._.t7 Ø´Ù…Ø§ Ø¨Ù„Ø§Ú©ÛŒğŸ˜‚ğŸ˜‚,2024-09-21 09:13:24,3
18063962584714162,8642454122,ardalan_db,ğŸ˜ğŸ˜,2024-09-21 09:13:11,0
17844241311315944,7180456544,_zahrainjast_,ğŸ˜ğŸ˜,2024-09-21 09:12:37,0
18283269502227295,3892501554,amir_mahdi_amf,â¦8-)â©,2024-09-21 09:12:05,0
18043098463846881,4607163350,saman.niknezhad,@poudiguitar Ù…Ù† Ø¨Ø±Ø§Øª Ù¾Ù„Ø§Ú¯ÛŒÙ†Ùˆ Ù…ÛŒØ§Ø±Ù… Ø¯Ù… Ø®ÙˆÙ†ØªÙˆÙ†ğŸ˜âœ… Ø®ÛŒÙ„ÛŒ Ø®ÙÙ†Ù‡,2024-09-21 09:11:57,2
18034206260004145,6879363362,mobinn.shahbaz,Ú©Ù¾ Ú©Ø§Øª,2024-09-21 09:11:44,0
17861462358235590,3566792389,photoehsn,Ø¹Ø¬Ø¨,2024-09-21 09:11:38,0
18349663795141285,11308147571,hannahokhanni,ğŸ¥ğŸ”¥,2024-09-21 09:09:52,0
18036910022506055,7211547663,aboutsoroush,ğŸ™Œ,2024-09-21 09:09:40,0
18020972705229957,1540612506,_mousavi_iii,Ø§Ø³ØªØ§Ø¯ â¤ï¸â¤ï¸ğŸ™Œ,2024-09-21 09:09:04,0
17894629581069423,1498070216,bafy_shot,Ú©Ù¾Ú©Ø§Øª ğŸ˜‚ğŸ˜‚,2024-09-21 09:09:04,0
18087070009494921,3581475856,shar__hamid,Ø¨ÙØ±Ø³,2024-09-21 09:09:02,0
18060503473674191,3953280161,reza_mohebbi1999,ğŸ”¥,2024-09-21 09:08:39,0
17890853130088145,1498070216,bafy_shot,ğŸ˜,2024-09-21 09:08:34,0
18010270490381235,12404547691,behzadshakorui6046,Ù…Ø±Ø³ÛŒ,2024-09-21 09:08:05,0
17941031666860548,34200553868,javad.salehi.official,Ù…Ø±Ø³ÛŒ,2024-09-21 09:07:13,0
17873694456175039,50647522767,aliii_______sh,ğŸ”¥ğŸ”¥ğŸ”¥,2024-09-21 09:06:38,0
18104065606433634,53928007942,mahdi_abdollahiiii,ğŸ‘,2024-09-21 09:05:31,0
18268457335217671,49559863094,shkila9440,ğŸ˜ğŸ‘,2024-09-21 09:05:25,0
17922263360861112,2042601218,jalal_bonyani,ğŸ”¥,2024-09-21 09:05:25,0
17871117579189844,8353674770,hmd.ava,.,2024-09-21 09:05:22,0
18037735991163731,2102775121,amir_argon,ğŸ˜,2024-09-21 09:03:41,0
18030120284062110,45000402347,alinaghi_darijani,ğŸ˜,2024-09-21 09:03:40,0
18040996139044376,8665807015,erfan_zoughi,ğŸ”¥,2024-09-21 09:03:21,0
18037405384945304,1735328994,ehsan.nikfarjam,Ø¨ÙØ±Ø³Øª ğŸ˜‚,2024-09-21 09:03:14,0
18014345768540553,5920833082,4utan.b,Ú©Ø§Ù…Ù†Øª,2024-09-21 09:02:27,0
18017602202609576,1808161114,ghasemi.ramtin,Ø§ÛŒÙ†Ø´Ø§Øª,2024-09-21 09:01:08,0
18043152031996735,601197542,amirhosseinil,Ø¹Ø´Ù‚Ø³â¤ï¸,2024-09-21 09:00:59,0
18089897218471154,8530848762,pouyaslp,...,2024-09-21 09:00:42,0
18052791733890983,56781407174,sina.m.sh.m,ğŸ”¥,2024-09-21 09:00:39,0
18245402689284660,32435349229,zaravandplus,ğŸ˜ğŸ˜ğŸ˜,2024-09-21 09:00:25,0
18041713970074250,61183727966,bzdesignm2,Ø¨Ù†Ø§Ø²Ù…,2024-09-21 09:00:12,0
18282823810229611,34185850062,iamalirezaghahremani,gg,2024-09-21 09:00:04,0
18016697051304130,5920833082,4utan.b,ğŸ”¥â¤ï¸,2024-09-21 08:59:55,0
18056162260840477,5585087499,ahmadreza_zed,â¤ï¸,2024-09-21 08:59:50,0
17879441043115165,54674213605,imalirezzam,Ø§ÛŒÙ†Ø´Ø§ØªğŸ˜‚,2024-09-21 08:59:50,0
18046587283797958,1186634556,hodakhaki,Ø§ÙŠÙˆÙ„ ğŸ‘ğŸ»ğŸ”¥,2024-09-21 08:59:42,0
18306490321167063,2286134162,arsalan_ghiasi.ir,Ø¨Ù‡ Ø¨Ù‡ ğŸ˜,2024-09-21 08:59:26,0
17877315729150467,1911718749,polyglot_mehdi,Ú©Ø§Ù…Ù†Øª,2024-09-21 08:59:19,0
18021228614406990,1179790377,aminzahiri70,ğŸ‘ğŸŒ¹,2024-09-21 08:59:17,0
17907596088012938,3120733314,vahid.sheykh.hadi,Ø³Ø§ØºÙˆÙ„ ğŸ˜ƒ,2024-09-21 08:59:00,1
17843760336307038,13070315246,mohammad.e.moghadam,ğŸ˜ğŸ‘,2024-09-21 08:57:41,0
18351348286143947,7977780894,hosseinchalipa,â¤ï¸,2024-09-21 08:57:21,0
18047636944937933,934759425,poudiguitar,Ø¹Ø¬Ø¨ Ú©ÙØ±Ù‡ Ø§ÛŒ ğŸ˜,2024-09-21 08:57:19,1
17981169722725611,11578507016,amirhossein__jbr,ğŸ˜ğŸ˜,2024-09-21 08:57:13,0
18067706062551041,11889590856,mahdiii.dev,ğŸ‘,2024-09-21 08:56:25,0
18030601787352126,5917802175,mohammad_r1382,ğŸ”¥ğŸ”¥,2024-09-21 08:56:14,0
17848685502298410,8073933042,mohsen.zamani000,ğŸŒ¹â¤ï¸,2024-09-21 08:56:12,0
18128663656369757,1687664392,ali__shydaee,ğŸ˜ğŸ˜,2024-09-21 08:56:02,0
17995851683695594,1748492099,shojaei.studio,Ø³Ù„Ø§Ù…,2024-09-21 08:55:52,0
17903439417028481,45391537161,erfan__shd,.,2024-09-21 08:55:34,0
18060755458662192,4191347270,its_amirreza__,Ù†ÛŒÚ©Ù†Ú˜Ø§Ø¯ ğŸ¤ŒğŸ¼,2024-09-21 08:55:13,0
17991814031701743,1971205892,miladrouhii,ğŸ˜…ğŸ”¥,2024-09-21 08:54:59,0
18054964822769841,52441631338,ho3ein.3l,â¤ï¸â¤ï¸,2024-09-21 08:54:48,0
18435673105067199,4607163350,saman.niknezhad,@armancover.ir ğŸ˜,2024-09-21 08:53:59,1
18460364872027469,1970528101,amir.nasibi,ğŸ˜,2024-09-21 08:53:49,0
18019390634528527,25545553571,yousefnaderi333,Ø¨ÙØ±Ø³Øª,2024-09-21 08:53:37,0
18016423979310867,44856786207,edrisz_,â¤ï¸,2024-09-21 08:53:02,0
17939836433876884,826450454,elhammollahassani,Ù¾Ù„Ø§Ú¯ÙŠÙ†,2024-09-21 08:52:33,0
18072362893517269,3290373260,hesamsoltaani,ğŸ”¥,2024-09-21 08:52:02,0
18037774414914895,1194799155,mahdi_khosravani,ÙÙ‚Ø· Ú©Ù¾ Ú©Ø§ØªğŸ™Œ,2024-09-21 08:51:44,0
18147924718332654,66519434163,lifefalow,Ú©Ø§Ù…Ù†Øª,2024-09-21 08:51:37,0
18139558294350614,6153150194,panah.yp,ğŸ”¥ğŸ”¥,2024-09-21 08:51:35,0
18020412116214186,3534531881,yashot__,ğŸ‘,2024-09-21 08:50:57,0
18019566953528446,14317802065,its_soli_mov,ğŸ¤½â€â™‚ï¸,2024-09-21 08:50:53,0
18043305847988635,32160357554,alimousavii.pv,Ø¯Ù… Ø´Ù…Ø§ Ú¯Ø±Ù…Ù…Ù… â¤ï¸,2024-09-21 08:50:42,0
18029152403346272,2008659329,bakan.mohammad,Ù„ÛŒÙ†Ú©,2024-09-21 08:50:31,0
18025104350372822,3021998832,alireza.alizadamn,Ú©Ø§Øª,2024-09-21 08:50:31,0
17869986747126294,48300095575,mahyar__fh,Ø§Ø³ØªØ§Ø§Ø§Ø¯,2024-09-21 08:49:54,0
18032516666245596,66519434163,lifefalow,Ø¯Ø°Ù†Ø±Ø¹Ø±Ø¯Ø¯,2024-09-21 08:49:42,0
18035181640984547,5945339626,siavash_shayeganfar,ğŸ‘ğŸ‘ğŸ˜â¤ï¸,2024-09-21 08:49:30,0
18038596385481974,1520083827,mohammadmasuomi,ğŸ˜ğŸ˜,2024-09-21 08:49:26,0
18355163215112851,38278038227,reza._.nematpour,ğŸ”¥ğŸ”¥ğŸ”¥,2024-09-21 08:49:24,0
18018288986561442,3039170813,mehdi.bazdar11,Ù„ÛŒÙ†Ú©,2024-09-21 08:49:21,0
17938311236787008,16359527784,_taha.vaseghi_,Ø¯Ø³Ø®ÙˆØ´â¤ï¸,2024-09-21 08:49:13,0
18019841027237627,3561177639,amirjvz,Ú©Ø§Ù…Ù†Øª,2024-09-21 08:48:52,0
18279206854208965,5832760150,mohammadtorabi93,Ù‡Ø±Ú†ÛŒ,2024-09-21 08:48:45,0
18022115000410430,358390974,amin.r.monfared,ğŸ‘ğŸ»ğŸ‘ğŸ»,2024-09-21 08:48:19,0
17851015203290702,1401102136,amirsakaki1,ğŸ˜,2024-09-21 08:48:13,0
17910774531006529,3525764784,nane.1366,ğŸ˜‚,2024-09-21 08:47:28,0
18368560666111641,1958426277,sinachehrazad,Ø¹Ø§Ù„ÛŒÙ‡,2024-09-21 08:47:20,0
17978623100758034,47413598333,helmaa_atelier,Ø¯Ø±ÙˆØ¯,2024-09-21 08:47:19,0
18023443637414321,1637274214,mehrdad_forooghian,ğŸ‘,2024-09-21 08:47:09,0
18061831615729562,4837980780,mranbari53,Ø¹Ø§Ù„ÛŒ â¤ï¸,2024-09-21 08:46:56,0
18301692070163965,2083572370,meli.z73,Ø¹Ø§Ù„ÛŒ Ø¨ÙˆØ¯ ğŸ‘Œ,2024-09-21 08:46:28,0
17941791134886391,60071504741,mousavinejad.ir,ğŸ˜‚,2024-09-21 08:46:14,0
18084187225455667,6059893200,farid.motalebi,ğŸ™Œ,2024-09-21 08:46:13,0
17892513258067337,3245096581,arash_hpf,Ù‡Ø±Ú†ÛŒØ²ÛŒ,2024-09-21 08:46:04,0
17881237686107656,57279404393,hamidehh_1996,ğŸ”¥ğŸ”¥,2024-09-21 08:45:53,0
17899208997060475,4446977585,amir_mshahi,ğŸ”¥ğŸ”¥,2024-09-21 08:45:52,0
18011316599630987,53709224173,moeinlti,Ú©Ø§Ù…Ù†Øª,2024-09-21 08:44:51,0
18021833348391886,1410964421,arash__qz,ğŸ˜,2024-09-21 08:44:47,0
18010387013631580,7369955983,_this_is_dc,Hleeee,2024-09-21 08:44:44,0
17868921012195078,52239425592,sina.vala,ğŸ˜,2024-09-21 08:44:37,0
18020865341235085,7019117663,efiplay,ğŸ”¥,2024-09-21 08:44:01,0
18029816816258404,34269052428,moein_sattary,Ø³ÛŒÙ†Ù…Ø§ Ù…Ø«Ù„Ø§,2024-09-21 08:43:24,0
18028537826078406,1499185811,sheykhistudio,Mashalla ğŸ”¥,2024-09-21 08:43:20,0
17954872514822020,51043301433,reza_bahramiyan9242,ğŸ˜,2024-09-21 08:43:15,0
18138279430348215,43292281604,prh4mm,ğŸ”¥ğŸ”¥,2024-09-21 08:42:58,0
17858241180203783,1950237898,javad.jabari7543,ğŸ‘Œ,2024-09-21 08:42:50,0
17921031815975362,426291098,arsalanzahrayi,Ù…ÛŒÙˆ,2024-09-21 08:42:03,0
18070349179603220,770820610,mehdii_eslamiii,â¤ï¸,2024-09-21 08:42:01,0
17920468805966950,21845923670,pv_mehdikoohestani,Ù…Ù†,2024-09-21 08:41:51,0
18057306832694837,7965854229,mohammadreza199898,ğŸ¤”,2024-09-21 08:41:48,1
18056740516639895,292721520,mehdisoheili.art,ğŸ§¡âœ¨,2024-09-21 08:41:35,0
18036810962171577,50238341014,mosi_msvi10,Ø¹Ø§Ø¨ÛŒ,2024-09-21 08:41:34,0
18311997892093204,67535262925,graphics_.man,â¤ï¸,2024-09-21 08:41:31,0
17904484449040240,7965854229,mohammadreza199898,Ù…Ø§Ú†,2024-09-21 08:41:30,0
17951191025730655,2153841472,mehrshad_karam_nezhad,â¤ï¸,2024-09-21 08:41:23,0
18042418232052142,48501824154,paria.mix,ğŸ‘,2024-09-21 08:41:10,0
17995897118510624,1433958005,armanesmaeili1,ğŸ‘,2024-09-21 08:41:08,0
18022247705436893,3685198681,hassanebrahimii1,Ø¹Ø¬Ø¨,2024-09-21 08:40:47,0
18110246308411753,54512501562,mmdrbds,Ø§ÛŒ Ø¬Ø§Ù†,2024-09-21 08:40:40,0
18064436791624889,2917769312,ilia.vazzani,ğŸ”¥,2024-09-21 08:40:39,0
18020813717588143,53053457410,armines03,ğŸ”¥ğŸ”¥,2024-09-21 08:40:21,0
18120366214388432,6884365468,mohamad.ghanbari__,ğŸ˜,2024-09-21 08:40:14,1
18458496922001255,2877683562,sobhansaroneh,ğŸ‘,2024-09-21 08:40:06,0
18091010656466264,29176846828,armancover.ir,ğŸ˜ğŸ˜,2024-09-21 08:39:50,1
18060722104680133,15452288454,iman.kd_,â¤ï¸,2024-09-21 08:39:31,0
18042475025009284,4273447854,sattar3722,Ú©Ø§Øª,2024-09-21 08:39:21,0
18063328660586179,1811693623,arsamtunes,â¤ï¸,2024-09-21 08:39:17,0
18042463595296696,44262014037,alylinux,Ú©Ø§Ù…Ù†ØªğŸ—¿,2024-09-21 08:38:56,0
18044204849304810,1761081352,parvizdehdari,ÛŒØ§Ø§Ù„Ù„Ù‡,2024-09-21 08:38:10,0
17870407134192329,2257424205,ehsanzahiroddini,Ø§,2024-09-21 08:38:06,0
18045180412954407,45627888089,seyed_habib_mfth,ğŸ‘ğŸ‘ğŸ‘ğŸ”¥,2024-09-21 08:38:02,0
18058755142705998,8885110696,k.1.mirahmadi,ğŸ˜,2024-09-21 08:37:34,0
17907860084934521,55633438354,arman_souri80,ğŸ”¥,2024-09-21 08:37:26,0
18037670927147080,39673213689,zeynab._.hd,Ø¨ÙÛŒØ±ÛŒØ³Øª,2024-09-21 08:37:22,0
18023578283377304,8060372315,farshad.___.hosseini,Ø§Ø³ØªØ§Ø¯,2024-09-21 08:37:08,0
18372486781099054,5467639763,alirt.tb,â¤ï¸â¤ï¸â¤ï¸,2024-09-21 08:37:03,0
18286058815226611,35664742435,sadeghkhaneditor,ğŸ‘ğŸ‘,2024-09-21 08:37:00,0
17946217193756072,1554039964,kaveh.zad,ğŸ‘,2024-09-21 08:36:57,0
18313436137085349,1698352945,hasan_abm,ğŸ˜ğŸ˜ğŸ”¥,2024-09-21 08:36:43,0
18148269955327838,1586021894,avahya,Ø¨ÙØ±Ø³ØªğŸ˜‚,2024-09-21 08:36:29,0
17861343486181556,5477672694,aeo.forozan,â¤ï¸,2024-09-21 08:36:18,0
18165499063310945,3473042468,k1_lvn,â¤ï¸ğŸ”¥,2024-09-21 08:36:13,0
18119370790392488,3314826240,monireh.qolami,Ø§Ø±Ù‡,2024-09-21 08:36:02,0
18036614086954472,5617964127,_thenoee_,Ø®ÙÙ†Ù†Ù† ğŸ˜ğŸ”¥,2024-09-21 08:35:48,0
18036033865965684,45269570554,mahdi_shookrollahi,ğŸ”¥ğŸ”¥,2024-09-21 08:35:42,0
18035472598973105,6726051422,rouzbam,ğŸ™Œ,2024-09-21 08:35:33,0
17866699299145973,403742479,studio.eskandari,âœ¨âœ¨ğŸ«´ğŸ»,2024-09-21 08:35:03,0
17973281741781227,12579863052,yasin_ghorbanifar,Ø®ÙÙ†,2024-09-21 08:35:01,0
18051526267728894,1524155847,masoud_ghazii,Ù‡Ø§ÛŒÙ¾,2024-09-21 08:34:59,0
18286721374225605,1692892421,negginmt,ğŸ™ŒğŸ™ŒğŸ™Œ,2024-09-21 08:34:56,0
18241367026279307,44772620758,moein_6213,ğŸ”¥ğŸ˜,2024-09-21 08:34:53,0
18053650987831685,51257073794,zahra.saadaie,Ú©Ø§Ù…Ù†Øª,2024-09-21 08:34:50,0
18032670884227045,6085184152,ali._.t7,Ú©Ø§Ù…Ù†Øª ğŸ,2024-09-21 08:34:26,0
17867756154200742,1626175801,arian.st,ğŸ‘,2024-09-21 08:34:26,0
18046324828798442,5382147166,mr.matoor_,ğŸ”¥,2024-09-21 08:34:25,0
18009097610392253,1649604286,m.a.saadat,Ù„ÛŒÙ†Ú©,2024-09-21 08:34:20,0
17872629018177192,6085184152,ali._.t7,ğŸ˜‚ Ú©Ù¾ Ú©Ø§Øª ğŸ˜‚,2024-09-21 08:34:10,0
17861655498237021,48115160856,nsrmti,Ø®Ø¨,2024-09-21 08:34:05,1
18470707555061170,60284711183,behlife_reiki,ğŸ˜,2024-09-21 08:33:37,0
18055947577827121,22205435478,bardiarahimi_pv,ğŸ”¥,2024-09-21 08:32:56,0
18068242126527159,6662187120,meysam.saberi.61,ğŸ‘,2024-09-21 08:32:47,0
17874316485170579,21994325266,akimaki_dub,ğŸ™ŒğŸ™ŒğŸ™ŒğŸ”¥ğŸ”¥,2024-09-21 08:32:43,0
17947499690747588,46672017718,shirazi_design,Ø¹Ø§Ù„ÛŒ Ø¨ÙˆØ¯ ğŸ‘ğŸ‘ğŸ‘ğŸ”¥,2024-09-21 08:32:33,0
18048671218927961,44521854262,shahinkhalaji.art,ğŸ˜,2024-09-21 08:32:23,0
